종목코드,종목명,종가,대비,등락률,시가,고가,저가,거래량,거래대금,시가총액,상장주식수
"095570","AJ네트웍스","4715","95","2.06","4670","4825","4635","305627","1446349935","220767120925","46822295"
"006840","AK홀딩스","26650","-250","-0.93","27000","27300","26500","42994","1150341900","353047500650","13247561"
"027410","BGF","7320","50","0.69","7270","7740","7100","2240795","16463775640","700646910120","95716791"
"282330","BGF리테일","159500","-3000","-1.85","163000","163500","159000","33832","5426725500","2756783007000","17283906"
"138930","BNK금융지주","6570","-120","-1.79","6700","6710","6520","1576590","10425191720","2141394566220","325935246"
"001460","BYC","365000","20000","5.80","342000","375500","342000","2778","1004617500","227984475000","624615"
"001465","BYC우","156500","5500","3.64","151500","159000","151500","689","107709500","33707752500","215385"
"001040","CJ","93000","-200","-0.21","93200","94000","92600","44286","4126566600","2713460814000","29176998"
"079160","CJ CGV","27250","-350","-1.27","27700","27750","27200","241258","6589756900","956475000000","35100000"
"00104K","CJ4우(전환)","73800","-200","-0.27","74100","74100","73400","3954","291159800","311916585600","4226512"
"000120","CJ대한통운","182000","1500","0.83","179500","183000","179500","43726","7916839000","4151846608000","22812344"
"011150","CJ씨푸드","4650","-55","-1.17","4700","4710","4650","332977","1554954455","167078094450","35930773"
"011155","CJ씨푸드1우","36400","-150","-0.41","36900","37000","36000","1604","58491750","7280000000","200000"
"001045","CJ우","57000","100","0.18","56900","57200","56400","1875","106842400","128832711000","2260223"
"097950","CJ제일제당","411500","-4500","-1.08","415000","417500","410000","33063","13658509500","6194797539000","15054186"
"097955","CJ제일제당 우","189500","2500","1.34","187500","190000","187000","3978","751224000","251548553500","1327433"
"000590","CS홀딩스","64100","700","1.10","63400","64100","62600","3065","194278500","74002296200","1154482"
"012030","DB","871","-6","-0.68","878","880","860","682388","595845159","175222495643","201173933"
"016610","DB금융투자","6110","40","0.66","6110","6150","6050","167738","1024663120","259347436790","42446389"
"005830","DB손해보험","46500","-700","-1.48","46500","46950","46200","142960","6631309400","3292200000000","70800000"
"000990","DB하이텍","57500","-200","-0.35","58900","59200","57500","961220","55924167300","2552918810000","44398588"
"000995","DB하이텍1우","102500","-1000","-0.97","105500","105500","102000","574","59321500","11512390000","112316"
"139130","DGB금융지주","8150","-200","-2.40","8290","8290","8060","1019579","8320815500","1378538538950","169145833"
"001530","DI동일","169500","-4000","-2.31","172000","173500","169000","13061","2226240500","417920725500","2465609"
"000210","DL","84300","-1400","-1.63","85800","86000","83300","285336","24030316400","1301698386600","15441262"
"000215","DL우","42900","-650","-1.49","43300","43800","42450","9071","389148100","72334333500","1686115"
"375500","DL이앤씨","120000","500","0.42","120000","120500","118500","245088","29204438000","2323048560000","19358738"
"37550K","DL이앤씨우","72900","-500","-0.68","74200","74300","72500","13103","957737600","154102216500","2113885"
"004840","DRB동일","6700","-60","-0.89","6750","6750","6600","26784","178936150","133531000000","19930000"
"155660","DSR","5860","170","2.99","5690","5860","5650","256214","1479449770","93760000000","16000000"
"069730","DSR제강","5540","10","0.18","5530","5640","5420","197051","1090875620","79776000000","14400000"
"017940","E1","43150","50","0.12","43200","43400","43000","17344","748648700","296009000000","6860000"
"365550","ESR켄달스퀘어리츠","6090","30","0.50","6070","6090","6040","262219","1591844220","872447310000","143259000"
"007700","F&F","133500","-5000","-3.61","138000","144000","133500","119961","16445770000","2055900000000","15400000"
"114090","GKL","16200","-350","-2.11","16500","16600","16100","286522","4669629100","1002061854000","61855670"
"078930","GS","39250","50","0.13","39450","39450","39100","173274","6796161550","3646928586500","92915378"
"006360","GS건설","41850","150","0.36","41950","42150","40850","1422215","58642293250","3577792825800","85490868"
"001250","GS글로벌","2405","-45","-1.84","2465","2470","2390","769710","1858682095","198493702420","82533764"
"007070","GS리테일","37600","-650","-1.70","38400","38450","37500","282705","10651851650","2895200000000","77000000"
"078935","GS우","32750","150","0.46","32600","32800","32550","7995","261516500","58453051500","1784826"
"012630","HDC","11350","0","0.00","11400","11400","11300","302481","3431786050","678068533350","59741721"
"039570","HDC아이콘트롤스","10000","-100","-0.99","10150","10200","9980","30307","303828010","164600000000","16460000"
"089470","HDC현대EP","6390","190","3.06","6200","6450","6170","472745","2995541800","203841000000","31900000"
"294870","HDC현대산업개발","28700","-200","-0.69","29050","29100","28300","420906","12012256650","1891540371000","65907330"
"011200","HMM","28050","250","0.90","29150","29250","28050","8635764","245699474700","9555181925850","340648197"
"082740","HSD엔진","9390","0","0.00","9390","9530","9110","1133856","10488757780","381228572580","40599422"
"003560","IHQ","2015","10","0.50","2000","2035","1950","1328053","2649373185","294665032220","146235748"
"175330","JB금융지주","6360","-180","-2.75","6490","6540","6300","520050","3323797680","1252811205840","196982894"
"234080","JW생명과학","18850","-100","-0.53","18950","19250","18750","180409","3415782600","298481342900","15834554"
"001060","JW중외제약","29700","-250","-0.83","29950","30100","29700","45506","1358054100","639735802200","21539926"
"001067","JW중외제약2우B","64600","-300","-0.46","64900","65000","63500","307","19876300","6009608800","93028"
"001065","JW중외제약우","32750","-250","-0.76","32700","32950","32700","620","20300200","5812666500","177486"
"096760","JW홀딩스","4715","105","2.28","4655","4725","4620","230267","1077322505","322700173130","68441182"
"105560","KB금융","53900","-1100","-2.00","54000","54800","53600","1432792","77377469500","22412046888000","415807920"
"002380","KCC","229000","-6000","-2.55","236000","236500","228500","47763","11031965500","2035001859000","8886471"
"009070","KCTC","6360","-140","-2.15","6510","6530","6340","776579","4956034340","190800000000","30000000"
"009440","KC그린홀딩스","4610","-85","-1.81","4705","4710","4570","67783","312283985","103425257800","22434980"
"119650","KC코트렐","9190","-190","-2.03","9390","9480","9080","209358","1924617290","119470000000","13000000"
"092220","KEC","2340","-20","-0.85","2360","2380","2325","1550672","3638946305","273094239600","116706940"
"016380","KG동부제철","14150","-400","-2.75","14650","14700","14000","750872","10641479950","1415125892550","100008897"
"016385","KG동부제철우","120500","0","0.00","124000","124000","117500","264","31615500","6432892500","53385"
"001390","KG케미칼","26850","200","0.75","26750","27100","26550","108811","2915806000","372304677600","13866096"
"001940","KISCO홀딩스","17400","300","1.75","17000","17500","16950","70686","1210826250","321489012000","18476380"
"025000","KPX케미칼","65000","1400","2.20","64200","65000","63700","6658","428562500","314600000000","4840000"
"092230","KPX홀딩스","62600","1100","1.79","61600","62600","61000","17668","1091085100","264462839600","4224646"
"000040","KR모터스","1285","-15","-1.15","1300","1310","1270","1277325","1644355305","123536517880","96137368"
"044450","KSS해운","10850","-150","-1.36","11150","11150","10750","153936","1674851800","251566798000","23185880"
"030200","KT","27600","-600","-2.13","28150","28200","27550","1299236","36136715050","7206685900800","261111808"
"033780","KT&G","81300","-100","-0.12","81400","81600","81100","227399","18497079000","11161880006100","137292497"
"030210","KTB투자증권","4880","60","1.24","4830","4900","4685","795606","3799811555","294332768960","60314092"
"058850","KTcs","2945","-30","-1.01","2995","2995","2860","843745","2473073810","125707325000","42685000"
"058860","KTis","3120","150","5.05","3010","3175","2980","1517025","4715483535","108582240000","34802000"
"093050","LF","18100","1400","8.38","16900","18650","16800","1124490","20263090950","529244000000","29240000"
"003550","LG","92500","1200","1.31","91500","92600","91500","301301","27750988700","15961534617500","172557131"
"034220","LG디스플레이","22900","400","1.78","22800","22900","22600","1523849","34743325800","8193979530000","357815700"
"001120","LG상사","30850","-250","-0.80","31100","31200","30600","181126","5582818500","1195746000000","38760000"
"051900","LG생활건강","1570000","-8000","-0.51","1587000","1588000","1569000","17681","27896697000","24520569290000","15618197"
"051905","LG생활건강우","692000","0","0.00","690000","693000","690000","962","664658000","1452990324000","2099697"
"003555","LG우","74000","1600","2.21","72500","74100","72100","31432","2309069100","245286098000","3314677"
"032640","LG유플러스","12300","50","0.41","12250","12350","12200","1626155","19946839000","5370319740300","436611361"
"011070","LG이노텍","210000","1000","0.48","211500","211500","209000","103217","21679589000","4970092470000","23667107"
"066570","LG전자","158500","-500","-0.31","159500","160000","155000","1761019","277912821500","25938178519000","163647814"
"066575","LG전자우","73800","-100","-0.14","74400","74400","72500","171047","12553360600","1268326209600","17185992"
"108670","LG하우시스","80400","1400","1.77","79800","80400","79100","122663","9768711700","721000668000","8967670"
"108675","LG하우시스우","36400","-200","-0.55","37100","37100","36000","15683","569986200","37576812000","1032330"
"037560","LG헬로비전","4780","0","0.00","4780","4855","4720","621277","2972599135","370196014700","77446865"
"051910","LG화학","828000","9000","1.10","830000","833000","822000","283958","235433439000","58450460004000","70592343"
"051915","LG화학우","392000","2500","0.64","392000","392500","389000","13408","5241917000","3014009600000","7688800"
"079550","LIG넥스원","41250","800","1.98","40750","41900","40700","251483","10434623450","907500000000","22000000"
"006260","LS","66500","-1200","-1.77","67900","68400","65700","226899","15080638700","2141300000000","32200000"
"010120","LS ELECTRIC","60400","-800","-1.31","61200","61400","59800","100725","6092914200","1812000000000","30000000"
"000680","LS네트웍스","2805","-30","-1.06","2895","2895","2800","103733","294391875","221042459880","78803016"
"229640","LS전선아시아","7770","-50","-0.64","7820","7890","7690","225469","1747253160","237955309830","30624879"
"023150","MH에탄올","8660","120","1.41","8630","8700","8500","46108","396786680","63898035160","7378526"
"035420","NAVER","379500","1000","0.26","381500","382500","378000","476668","180735805000","62337958402500","164263395"
"181710","NHN","71700","100","0.14","71600","72000","71600","20251","1452068500","1402812292500","19565025"
"005940","NH투자증권","11550","50","0.43","11600","11600","11450","552798","6376952800","3250272644850","281408887"
"005945","NH투자증권우","9660","0","0.00","9710","9770","9590","167647","1621518260","182293550880","18870968"
"338100","NH프라임리츠","4385","0","0.00","4390","4410","4380","63565","279398245","81824100000","18660000"
"034310","NICE","17300","-50","-0.29","17350","17400","17200","24681","426455800","655363790000","37882300"
"008260","NI스틸","3560","55","1.57","3550","3635","3490","1029915","3689594515","101816416520","28600117"
"004250","NPC","4200","-50","-1.18","4255","4275","4175","173275","728522245","154224000000","36720000"
"004255","NPC우","2350","5","0.21","2345","2350","2340","8480","19904430","12408000000","5280000"
"010060","OCI","116000","-3000","-2.52","120000","120000","115000","290206","33696607000","2766527036000","23849371"
"005490","POSCO","318500","0","0.00","321000","323000","317000","284832","90805170000","27769006947500","87186835"
"010950","S-Oil","81200","900","1.12","81300","81900","80600","289796","23532541000","9141722710400","112582792"
"010955","S-Oil우","46400","400","0.87","46100","46850","46100","7553","350018150","186617412800","4021927"
"034120","SBS","22600","-50","-0.22","22650","22800","22300","68565","1538626600","412508353200","18252582"
"101060","SBS미디어홀딩스","2010","-15","-0.74","2010","2035","1985","266357","534405960","281191341900","139896190"
"005090","SGC에너지","41400","1350","3.37","40300","41550","39600","218182","8945776850","607627965600","14677004"
"004060","SG세계물산","758","32","4.41","727","777","727","12624055","9539419275","153438119680","202424960"
"001380","SG충방","4125","950","29.92","3180","4125","3180","56161427","217033083230","185477089875","44964143"
"002360","SH에너지화학","951","15","1.60","944","959","937","1522009","1442573001","105688177230","111133730"
"009160","SIMPAC","3365","130","4.02","3240","3495","3240","293073","979703880","220170321340","65429516"
"123700","SJM","4285","35","0.82","4250","4295","4205","58955","251154730","66866987930","15604898"
"025530","SJM홀딩스","3680","0","0.00","3680","3685","3640","17308","63406210","54957149440","14934008"
"034730","SK","284500","-1500","-0.52","288500","290500","281000","302104","85895857000","20017504496500","70360297"
"011790","SKC","133500","0","0.00","134500","136000","131500","262406","34882424000","5055417783000","37868298"
"018670","SK가스","104500","-1500","-1.42","106000","106000","103500","10755","1121693000","964560498000","9230244"
"001740","SK네트웍스","5610","0","0.00","5650","5650","5580","627856","3521788420","1392332699670","248187647"
"001745","SK네트웍스우","110500","500","0.45","110000","110500","108500","448","49138000","12558104000","113648"
"006120","SK디스커버리","61000","-200","-0.33","60800","61400","60700","44904","2739635900","1161309155000","19037855"
"006125","SK디스커버리우","43800","100","0.23","44200","44300","43750","7388","325062850","59500329000","1358455"
"210980","SK디앤디","37650","-900","-2.33","38600","38750","37400","92894","3511652700","714979674600","18990164"
"068400","SK렌터카","10600","-150","-1.40","10700","10750","10550","76906","815511800","501229904000","47285840"
"302440","SK바이오사이언스","117500","-1500","-1.26","119500","121500","116500","741222","88018203000","8988750000000","76500000"
"326030","SK바이오팜","105000","500","0.48","105000","106000","104000","315577","33082347500","8222891250000","78313250"
"03473K","SK우","262000","-2000","-0.76","264000","265500","260000","4009","1049179500","148327370000","566135"
"096770","SK이노베이션","241500","0","0.00","247000","247000","237500","883791","214313080000","22330433706000","92465564"
"096775","SK이노베이션우","175500","-2500","-1.40","180000","182000","174000","43548","7754168500","219098763000","1248426"
"001510","SK증권","881","-16","-1.78","905","907","880","7825014","6960480492","416351940651","472590171"
"001515","SK증권우","4780","-155","-3.14","4905","4905","4780","44432","214093655","18701816920","3912514"
"285130","SK케미칼","265000","8500","3.31","259500","266000","259000","140527","37006200500","3111469940000","11741396"
"28513K","SK케미칼우","120000","3000","2.56","118000","121000","118000","12890","1544237500","175040400000","1458670"
"017670","SK텔레콤","281000","4000","1.44","279000","281500","277000","280041","78360591500","22689544791000","80745711"
"000660","SK하이닉스","141000","500","0.36","142000","143000","140000","3432245","485467791000","102648333465000","728002365"
"064960","SNT모티브","62000","-300","-0.48","62000","64000","61400","92051","5748106200","906634432000","14623136"
"100840","SNT에너지","17600","-100","-0.56","17750","17850","17500","22124","389730050","132118113600","7506711"
"003570","SNT중공업","7450","-100","-1.32","7560","7570","7420","21830","163312790","247732592650","33252697"
"036530","SNT홀딩스","18000","-550","-2.96","18250","18550","17900","67666","1225653100","293469948000","16303886"
"005610","SPC삼립","73200","0","0.00","73200","73200","72600","10326","753238900","631643458800","8629009"
"011810","STX","5870","-10","-0.17","5880","5910","5820","38382","225414290","115796914740","19726902"
"077970","STX엔진","8040","0","0.00","8050","8050","7960","57174","457533800","184991588160","23008904"
"071970","STX중공업","4095","-75","-1.80","4170","4175","4045","382239","1559148190","116158671720","28365976"
"084870","TBH글로벌","1880","0","0.00","1880","1915","1880","76709","144767110","39210819720","20856819"
"002710","TCC스틸","4860","165","3.51","4680","5200","4660","3706314","18413949685","111780000000","23000000"
"024070","WISCOM","3710","70","1.92","3640","3720","3625","171591","629670335","56861084980","15326438"
"037270","YG PLUS","5600","80","1.45","5500","5710","5500","1001124","5791094230","355040560000","63400100"
"000500","가온전선","30300","50","0.17","30100","30600","29550","211207","6349200700","126058514100","4160347"
"000860","강남제비스코","29000","-600","-2.03","29600","29600","28450","35146","1016127250","188500000000","6500000"
"035250","강원랜드","25350","-50","-0.20","25400","25600","25250","472383","12000687950","5423391675000","213940500"
"011420","갤럭시아에스엠","1775","-45","-2.47","1815","1815","1740","336570","597503470","48900618100","27549644"
"002100","경농","13400","-150","-1.11","13550","13650","13250","94889","1279295450","290669450000","21691750"
"009450","경동나비엔","50500","-700","-1.37","50900","51200","50200","59833","3028211100","687038865000","13604730"
"267290","경동도시가스","19800","50","0.25","19750","19900","19700","11247","222741550","116729038800","5895406"
"012320","경동인베스트","41850","-600","-1.41","42450","42500","40000","32830","1352333400","98976212550","2365023"
"000050","경방","12950","-50","-0.38","13050","13200","12950","17286","226083150","355027746500","27415270"
"214390","경보제약","12200","-50","-0.41","12300","12350","12150","122176","1492294250","291663692000","23906860"
"012610","경인양행","6710","30","0.45","6660","6770","6660","134987","906535620","278038009150","41436365"
"009140","경인전자","29000","200","0.69","28900","29250","28350","9163","263501550","45553113000","1570797"
"013580","계룡건설","31000","-100","-0.32","31100","31100","30550","54469","1674760950","276858117000","8930907"
"012200","계양전기","4435","45","1.03","4375","4495","4370","217982","964359615","144581000000","32600000"
"012205","계양전기우","6920","50","0.73","6930","6930","6870","9825","69605310","9688000000","1400000"
"002140","고려산업","4300","120","2.87","4190","4345","4175","407127","1743666185","107239527500","24939425"
"010130","고려아연","405500","500","0.12","405000","408000","404500","28676","11639805000","7651785000000","18870000"
"002240","고려제강","21050","-500","-2.32","21350","21900","20700","200625","4224517000","484150000000","23000000"
"009290","광동제약","8500","-50","-0.58","8550","8600","8490","102344","873378600","445577233500","52420851"
"017040","광명전기","2425","0","0.00","2430","2445","2410","288017","698654610","105093716375","43337615"
"017900","광전자","2410","-5","-0.21","2430","2435","2395","119458","288598540","139644468830","57943763"
"037710","광주신세계","172000","-1000","-0.58","173000","174500","171000","2732","472109000","275200000000","1600000"
"030610","교보증권","7870","-20","-0.25","7950","7980","7860","120382","950638160","508821439520","64653296"
"339770","교촌에프앤비","17950","-200","-1.10","18200","18250","17850","87583","1575208550","448436593000","24982540"
"007690","국도화학","66800","-900","-1.33","67600","69400","65500","38646","2583638500","388149148800","5810616"
"005320","국동","4000","-110","-2.68","4110","4130","3985","783234","3152541820","169409656000","42352414"
"001140","국보","2210","-65","-2.86","2275","2275","2180","532583","1180058975","112345042810","50834861"
"002720","국제약품","7420","-60","-0.80","7460","7550","7380","132961","987747470","143028587800","19276090"
"083420","그린케미칼","13300","-200","-1.48","13700","13700","13050","405615","5419133650","319200000000","24000000"
"014530","극동유화","5900","-320","-5.14","6150","6210","5820","3274823","19663965420","205729578000","34869420"
"014280","금강공업","5710","-80","-1.38","5840","5870","5600","267914","1528257140","165712839230","29021513"
"014285","금강공업우","11850","-100","-0.84","12000","12050","11850","4069","48449250","6990018750","589875"
"008870","금비","68000","100","0.15","67900","68300","67400","1359","92374000","68000000000","1000000"
"001570","금양","4340","0","0.00","4395","4395","4295","204397","884376730","207517586080","47815112"
"002990","금호산업","9470","-40","-0.42","9510","9590","9380","210336","1988537780","346923260280","36633924"
"002995","금호산업우","31250","-300","-0.95","31550","31650","30950","497","15494950","9133312500","292266"
"011780","금호석유","257000","-9500","-3.56","268000","269000","251000","620851","160572742000","7830196587000","30467691"
"011785","금호석유우","113000","-4000","-3.42","116500","117000","110500","70256","7922322500","341653918000","3023486"
"214330","금호에이치티","2195","-25","-1.13","2225","2240","2195","1478945","3270378165","274940565895","125257661"
"001210","금호전기","2670","20","0.75","2690","2690","2635","43297","114939770","31991459400","11981820"
"073240","금호타이어","3830","25","0.66","3785","3845","3785","374113","1427836885","1100206899210","287260287"
"092440","기신정기","6110","-90","-1.45","6190","6220","5970","1280376","7774398290","178412000000","29200000"
"000270","기아차","86600","3100","3.71","84800","88500","84500","6992753","608533241300","35104465850200","405363347"
"024110","기업은행","9040","-50","-0.55","9080","9090","9020","1097836","9932812880","6677525814400","738664360"
"013700","까뮤이앤씨","2325","125","5.68","2210","2325","2210","3644157","8287151950","104979051000","45152280"
"004540","깨끗한나라","8440","60","0.72","8450","8450","8210","1804063","14995782280","314311448920","37240693"
"004545","깨끗한나라우","42500","-2500","-5.56","44000","46250","41900","72585","3118918100","15561800000","366160"
"001260","남광토건","13500","-300","-2.17","13800","13900","13400","70083","950557450","132690163500","9828901"
"008350","남선알미늄","3720","-145","-3.75","3885","3885","3710","3332660","12556688280","409866214800","110179090"
"008355","남선알미우","34450","-2400","-6.51","36900","36900","34450","9076","318280600","10606810500","307890"
"004270","남성","4200","135","3.32","4090","4410","4040","10971045","46840264830","152091072000","36212160"
"003920","남양유업","306500","-1000","-0.33","308500","308500","306000","1201","368234500","220680000000","720000"
"003925","남양유업우","168000","-1000","-0.59","170000","170000","168000","30","5053000","27999216000","166662"
"025860","남해화학","8940","0","0.00","8970","9000","8900","143504","1282875820","444128856420","49678843"
"005720","넥센","4750","15","0.32","4700","4800","4700","115622","549550050","254333890750","53543977"
"005725","넥센우","3005","15","0.50","2965","3040","2965","3544","10662360","10819803000","3600600"
"002350","넥센타이어","7630","50","0.66","7580","7670","7540","237339","1809085900","745205901510","97667877"
"002355","넥센타이어1우B","2970","-10","-0.34","2970","2980","2960","12032","35687760","19305000000","6500000"
"003580","넥스트사이언스","9220","150","1.65","8930","9420","8600","2948111","26951166010","303671570380","32936179"
"251270","넷마블","127000","1500","1.20","125500","128000","125500","149213","18939600000","10914409718000","85940234"
"090350","노루페인트","10600","-300","-2.75","11100","11300","10350","759885","8213808450","212000000000","20000000"
"090355","노루페인트우","13200","100","0.76","13100","13200","12850","5054","65789550","6113263200","463126"
"000320","노루홀딩스","13200","200","1.54","13050","13200","12650","66420","860633850","175443193200","13291151"
"000325","노루홀딩스우","16900","0","0.00","16550","16900","16500","743","12381050","3130725000","185250"
"006280","녹십자","347000","-5500","-1.56","354500","355500","346000","74604","26111889500","4055228686000","11686538"
"005250","녹십자홀딩스","34400","-300","-0.86","34750","35300","34400","169895","5907008050","1617770424000","47028210"
"005257","녹십자홀딩스2우","87300","-1100","-1.24","88500","88500","87300","994","87077000","73854927000","845990"
"004370","농심","283500","-1500","-0.53","286000","286000","283500","14339","4074776000","1724429007000","6082642"
"072710","농심홀딩스","76400","-100","-0.13","76500","76600","76300","4881","372979300","354327156000","4637790"
"058730","다스코","5060","-10","-0.20","5090","5150","5000","32608","164540230","77924000000","15400000"
"023590","다우기술","26550","-250","-0.93","26900","27100","26400","147494","3941080200","1191208681350","44866617"
"019680","대교","4385","-75","-1.68","4400","4400","4300","712295","3087372980","371421997250","84702850"
"019685","대교우B","2700","-5","-0.18","2705","2710","2670","84460","227647785","52452873000","19426990"
"006370","대구백화점","11100","1100","11.00","10050","12200","9920","90944","1010657400","120119882100","10821611"
"008060","대덕","6940","-20","-0.29","6980","7000","6900","91888","637134110","235197641000","33890150"
"00806K","대덕1우","7900","40","0.51","7900","7920","7800","6098","47736360","9577620300","1212357"
"353200","대덕전자","14100","-250","-1.74","14500","14500","14100","574018","8190341400","696778642500","49416925"
"35320K","대덕전자1우","9140","40","0.44","9100","9170","8990","11529","104738700","19153043660","2095519"
"000490","대동공업","9530","-470","-4.70","10000","10050","9320","726434","6975403740","226129841300","23728210"
"008110","대동전자","6060","110","1.85","6040","6200","5950","118108","717581020","63572108820","10490447"
"005750","대림B&Co","6500","50","0.78","6370","6610","6370","102525","664638960","108369560000","16672240"
"001880","대림건설","35150","-450","-1.26","36000","36000","34500","115971","4059592250","775172932600","22053284"
"006570","대림통상","4140","10","0.24","4200","4200","4080","9133","37710060","63031500000","15225000"
"001680","대상","25400","0","0.00","25550","25600","25300","117554","2984908450","880059835000","34648025"
"001685","대상우","17650","-50","-0.28","17500","17800","17400","6120","108074000","24184435950","1370223"
"084690","대상홀딩스","10250","-200","-1.91","10400","10500","10050","151424","1556567600","371178514500","36212538"
"084695","대상홀딩스우","8390","-10","-0.12","8400","8480","8300","6782","56548350","7664113980","913482"
"128820","대성산업","4970","0","0.00","4970","5100","4850","514951","2562628605","224820325660","45235478"
"117580","대성에너지","5440","30","0.55","5430","5450","5400","52879","286926060","149600000000","27500000"
"016710","대성홀딩스","30050","550","1.86","29550","30100","29150","80575","2405808300","483488242950","16089459"
"003540","대신증권","16400","-600","-3.53","17000","17000","16200","319785","5265833700","832683760000","50773400"
"003547","대신증권2우B","13250","-650","-4.68","14000","14000","13150","80915","1081911450","132500000000","10000000"
"003545","대신증권우","13550","-750","-5.24","14350","14400","13400","404968","5548835850","352300000000","26000000"
"009190","대양금속","3970","-5","-0.13","4000","4015","3960","184062","732452900","117376777830","29565939"
"014160","대영포장","2890","-30","-1.03","2960","2995","2845","4741297","13862597610","313260246610","108394549"
"047040","대우건설","6460","20","0.31","6460","6530","6310","2889282","18430641590","2684922241480","415622638"
"009320","대우부품","2590","0","0.00","2590","2630","2580","300876","782108835","123404111250","47646375"
"042660","대우조선해양","27800","400","1.46","27550","27800","27200","256318","7052275600","2982680598200","107290669"
"003090","대웅","32550","50","0.15","32500","33300","32400","144388","4729383900","1892521449000","58141980"
"069620","대웅제약","131000","-500","-0.38","131000","133000","130500","36981","4866431000","1517841325000","11586575"
"000430","대원강업","4595","185","4.20","4450","4650","4425","1912360","8698840920","284890000000","62000000"
"006340","대원전선","1460","0","0.00","1460","1480","1450","524111","765955890","103684771820","71016967"
"006345","대원전선우","2515","-35","-1.37","2550","2555","2515","20002","50400045","6592318000","2621200"
"003220","대원제약","15900","-100","-0.63","16000","16100","15850","46801","745779100","337474685700","21224823"
"024890","대원화성","2800","135","5.07","2655","2915","2655","6279571","17602853310","115497625600","41249152"
"002880","대유에이텍","1115","30","2.76","1090","1120","1090","712855","787828130","119762755445","107410543"
"000300","대유플러스","797","3","0.38","795","800","794","294811","234780697","94807236219","118955127"
"012800","대창","1790","-30","-1.65","1830","1830","1785","1205553","2172492720","163141493210","91140499"
"015230","대창단조","7700","-340","-4.23","8050","8050","7610","307052","2364525080","110003085500","14286115"
"001070","대한방직","41700","-300","-0.71","42150","44000","41550","7469","316610850","221010000000","5300000"
"006650","대한유화","321500","-500","-0.16","326000","328000","320000","41740","13494257000","2089750000000","6500000"
"001440","대한전선","1125","-15","-1.32","1150","1165","1105","13191058","14799657510","963532135125","856473009"
"084010","대한제강","16100","-50","-0.31","16150","16250","15600","273833","4355245700","396812417400","24646734"
"001790","대한제당","35100","3600","11.43","32900","39800","31850","1121466","40404723600","314834995800","8969658"
"001795","대한제당우","31000","4750","18.10","26800","33450","26700","525222","16117733300","20096556000","648276"
"001130","대한제분","148000","0","0.00","148500","149500","147500","4675","693004500","250120000000","1690000"
"003490","대한항공","27250","50","0.18","27300","27450","27150","1759740","47937235350","9478117481250","347820825"
"003495","대한항공우","40000","-100","-0.25","40350","40350","39900","9473","379101600","44431760000","1110794"
"005880","대한해운","3015","-65","-2.11","3115","3115","2970","8057277","24304241965","736477336350","244271090"
"003830","대한화섬","133500","0","0.00","131500","135500","131500","759","101504500","177288000000","1328000"
"016090","대현","2380","100","4.39","2285","2485","2260","2012352","4779381770","105391897800","44282310"
"069460","대호에이엘","2390","-20","-0.83","2410","2425","2370","119078","284926950","64852265210","27134839"
"192080","더블유게임즈","67800","300","0.44","67200","68400","66300","125493","8460469500","1245791235600","18374502"
"012510","더존비즈온","92800","-2600","-2.73","95400","95600","92000","246909","23140048500","2810029008000","30280485"
"004830","덕성","25950","0","0.00","0","0","0","0","0","406896000000","15680000"
"004835","덕성우","26650","5150","23.95","22900","27950","22800","1843816","49814573150","37096800000","1392000"
"024900","덕양산업","3095","150","5.09","2945","3470","2945","3045182","9663166040","100788613100","32564980"
"145720","덴티움","68300","-400","-0.58","68600","70600","67000","145843","10071492300","756001089000","11068830"
"002150","도화엔지니어링","8590","30","0.35","8520","8690","8430","134169","1151400260","289654800000","33720000"
"001230","동국제강","13200","0","0.00","13250","13450","12750","1349951","17579819550","1259712128400","95432737"
"023450","동남합성","55700","200","0.36","55700","56000","55000","2350","131140100","201077000000","3610000"
"004140","동방","6690","-280","-4.02","7000","7020","6610","3183318","21382388770","267411114540","39971766"
"007590","동방아그로","7010","-40","-0.57","7050","7070","6970","27253","190952510","95459214770","13617577"
"005960","동부건설","12850","-450","-3.38","13300","13300","12800","123446","1601776200","291777329950","22706407"
"005965","동부건설우","23400","-400","-1.68","23500","23700","23400","602","14142100","5282128800","225732"
"026960","동서","33550","1250","3.87","32300","33700","32050","196585","6507513200","3344935000000","99700000"
"002210","동성제약","11600","-200","-1.69","11800","11850","11600","145065","1693992000","302771252000","26100970"
"102260","동성코퍼레이션","5900","30","0.51","5870","5950","5740","238914","1397553500","259558770800","43993012"
"005190","동성화학","17900","0","0.00","0","0","0","0","0","95506595600","5335564"
"000640","동아쏘시오홀딩스","105500","-1000","-0.94","107000","107000","104500","25408","2671168500","649389003000","6155346"
"170900","동아에스티","84100","600","0.72","83600","84200","83100","24924","2082955900","710129298800","8443868"
"028100","동아지질","17600","-300","-1.68","17700","17900","17400","141152","2486072650","202400000000","11500000"
"282690","동아타이어","11600","50","0.43","11550","11650","11500","31017","357527200","159302974000","13733015"
"001520","동양","1420","20","1.43","1410","1435","1390","1963410","2784609420","338931369460","238684063"
"001527","동양2우B","11850","-250","-2.07","12200","12200","11850","6889","81640200","3656542650","308569"
"001529","동양3우B","23900","-500","-2.05","24500","24500","22700","662","15572200","2144355800","89722"
"084670","동양고속","23800","-150","-0.63","23950","23950","23750","2849","67882950","68914542200","2895569"
"002900","동양물산","1645","-20","-1.20","1670","1690","1610","4749561","7802864065","225163594425","136877565"
"082640","동양생명","4180","-15","-0.36","4210","4210","4160","177994","744724750","674478885300","161358585"
"001525","동양우","6540","50","0.77","6570","6570","6450","936","6075470","4039960740","617731"
"008970","동양철관","1260","-5","-0.40","1270","1275","1255","681477","859894180","149795465400","118885290"
"092780","동양피스톤","5620","30","0.54","5590","5670","5570","32188","180508630","74006745200","13168460"
"049770","동원F&B","191500","-500","-0.26","192000","193000","190500","5833","1116436000","739022246000","3859124"
"018500","동원금속","1170","20","1.74","1155","1195","1150","1122074","1312592510","54703271610","46754933"
"006040","동원산업","256500","-4500","-1.72","259500","263000","256000","5010","1297390000","943314916500","3677641"
"030720","동원수산","8850","60","0.68","8850","8870","8790","39040","344364000","41186174250","4653805"
"014820","동원시스템즈","49150","100","0.20","49100","49400","48750","28812","1413709500","1259149815650","25618511"
"014825","동원시스템즈우","34650","400","1.17","34300","34800","34300","1312","45565550","9194654700","265358"
"163560","동일고무벨트","9120","30","0.33","9090","9120","9010","21322","193409950","124488000000","13650000"
"004890","동일산업","78900","100","0.13","78800","79500","78600","722","56905900","191349463500","2425215"
"002690","동일제강","3285","-50","-1.50","3335","3365","3250","247670","813088015","49275000000","15000000"
"000020","동화약품","14450","400","2.85","14300","14750","14250","323722","4702328700","403609741500","27931470"
"000150","두산","49300","-50","-0.10","49900","49900","49300","22931","1132898600","814625065500","16523835"
"000157","두산2우B","58000","-1300","-2.19","57900","59800","57800","684","39783400","51796204000","893038"
"241560","두산밥캣","40450","-50","-0.12","40800","41050","39600","486099","19557545700","4055078764700","100249166"
"000155","두산우","39400","100","0.25","39300","39450","39200","5360","210774200","157460602800","3996462"
"042670","두산인프라코어","10750","150","1.42","10550","10850","10300","6403429","67932712800","2333430496500","217063302"
"034020","두산중공업","13000","350","2.77","12600","13100","12500","2117567","27009631000","4870286577000","374637429"
"336260","두산퓨얼셀","50500","-1000","-1.94","51600","51700","50500","449111","22804744600","3307433163000","65493726"
"33626K","두산퓨얼셀1우","15050","-50","-0.33","15100","15150","14850","38103","569252450","201131210000","13364200"
"33626L","두산퓨얼셀2우B","18350","-50","-0.27","18400","18450","18150","4828","88365900","54798605000","2986300"
"016740","두올","5260","260","5.20","5060","5310","4950","3090578","16063224125","142370736800","27066680"
"192650","드림텍","9380","-70","-0.74","9420","9540","9370","156859","1477561740","618276865640","65914378"
"024090","디씨엠","18150","550","3.13","17600","18150","17600","86776","1553039150","212355000000","11700000"
"003160","디아이","7070","170","2.46","6960","7150","6940","441877","3116407070","222682269950","31496785"
"092200","디아이씨","3215","95","3.04","3175","3315","3140","437052","1414874110","125026749335","38888569"
"013570","디와이","5750","40","0.70","5720","5870","5710","221648","1281225380","151337889750","26319633"
"210540","디와이파워","18200","-150","-0.82","18400","19150","17900","279170","5137326500","200959085600","11041708"
"007340","디티알오토모티브","30950","-250","-0.80","31200","31700","30750","15204","470569350","309314454750","9994005"
"026890","디피씨","13400","550","4.28","12850","13750","12700","9071614","121110399750","558487545000","41678175"
"115390","락앤락","14650","-350","-2.33","14900","15000","14500","182667","2683849250","776561896700","53007638"
"032350","롯데관광개발","19300","-200","-1.03","19450","19650","19150","405049","7828783800","1337020276600","69275662"
"330590","롯데리츠","5210","-10","-0.19","5200","5220","5180","396329","2060753490","1265867885640","242968884"
"000400","롯데손해보험","1825","-10","-0.54","1840","1850","1815","490547","895066505","566363784000","310336320"
"023530","롯데쇼핑","124000","-1500","-1.20","125000","126000","123500","77226","9622454000","3507805620000","28288755"
"004000","롯데정밀화학","57700","-100","-0.17","58000","58300","56500","121824","6996776800","1488660000000","25800000"
"286940","롯데정보통신","38400","300","0.79","38250","38450","38200","21515","824480300","591219110400","15396331"
"280360","롯데제과","133000","-1500","-1.12","135000","136000","131500","7210","964454500","853423361000","6416717"
"004990","롯데지주","33700","100","0.30","33650","33800","33500","101323","3406641450","3535441286900","104909237"
"00499K","롯데지주우","58700","-600","-1.01","59000","59000","58700","357","20992300","57973470100","987623"
"005300","롯데칠성","132000","-2000","-1.49","133500","134500","131500","22764","3014831500","1184716236000","8975123"
"005305","롯데칠성우","64400","-100","-0.16","64500","64800","63600","1673","107384500","49929964000","775310"
"011170","롯데케미칼","301500","0","0.00","305500","306000","300000","185123","55869176000","10334038828500","34275419"
"002270","롯데푸드","380500","-3500","-0.91","384000","384000","378000","2573","978683500","430676535000","1131870"
"071840","롯데하이마트","40250","-650","-1.59","40900","41200","40000","44182","1785398600","950210408000","23607712"
"027740","마니커","707","-5","-0.70","712","714","707","1287608","913167415","140320123958","198472594"
"204320","만도","68000","1800","2.72","66800","69300","66700","1017165","69359453600","3193084160000","46957120"
"001080","만호제강","19600","-200","-1.01","19850","20000","19600","8861","174309200","81340000000","4150000"
"088980","맥쿼리인프라","11850","50","0.42","11750","11850","11700","854804","10096328650","4410480947250","372192485"
"094800","맵스리얼티1","4470","0","0.00","4470","4490","4440","86662","385975705","414969459570","92834331"
"138040","메리츠금융지주","15700","-850","-5.14","16500","16500","15600","378649","5975248000","2103977315800","134011294"
"008560","메리츠증권","4510","-70","-1.53","4610","4620","4505","1383815","6288165760","3048587388770","675961727"
"000060","메리츠화재","19000","-400","-2.06","19250","19250","18800","363416","6892569900","2291875000000","120625000"
"090370","메타랩스","1185","-10","-0.84","1215","1215","1165","816719","967201150","75472575345","63689937"
"017180","명문제약","5200","30","0.58","5200","5240","5150","295187","1532530950","176557960800","33953454"
"009900","명신산업","26200","550","2.14","25800","27700","25650","799689","21288696500","1068412944000","40779120"
"012690","모나리자","5200","-50","-0.95","5280","5290","5140","614441","3196190100","190170526000","36571255"
"005360","모나미","5350","-290","-5.14","5600","5600","5280","1526331","8242748610","101100592450","18897307"
"204210","모두투어리츠","3470","40","1.17","3485","3500","3400","41545","143771940","27159048050","7826815"
"009680","모토닉","12750","-100","-0.78","12900","13000","12750","68154","877962700","420750000000","33000000"
"009580","무림P&P","4625","-170","-3.55","4875","4875","4570","660485","3066456325","288453498500","62368324"
"009200","무림페이퍼","2815","-55","-1.92","2890","2900","2815","157101","446497945","117130207650","41609310"
"033920","무학","7030","0","0.00","7100","7120","6970","39256","275681770","200355000000","28500000"
"008420","문배철강","4000","70","1.78","3950","4220","3885","5128812","20885287200","82014020000","20503505"
"025560","미래산업","3255","-25","-0.76","3310","3320","3250","110449","361971860","60747833895","18662929"
"007120","미래아이앤지","530","1","0.19","529","532","524","689423","364397634","68626598440","129484148"
"006800","미래에셋대우","9710","30","0.31","9730","9830","9680","1074714","10495235770","6168922321680","635316408"
"00680K","미래에셋대우2우B","4490","20","0.45","4470","4495","4470","190231","853157750","628600000000","140000000"
"006805","미래에셋대우우","4985","15","0.30","4985","5020","4960","57033","284790175","70167613750","14075750"
"357250","미래에셋맵스리츠","4900","0","0.00","4905","4910","4885","32158","157474205","98490000000","20100000"
"085620","미래에셋생명","4090","-20","-0.49","4120","4120","4055","146143","595730795","723996213010","177016189"
"002840","미원상사","210500","7500","3.69","201000","216500","200000","7289","1512364000","1046185000000","4970000"
"268280","미원에스씨","180500","-1000","-0.55","179500","186000","175500","6322","1136669000","920550000000","5100000"
"107590","미원홀딩스","117000","-3500","-2.90","120500","123500","117000","13789","1647502000","271440000000","2320000"
"134380","미원화학","91000","0","0.00","89100","91000","89100","5385","484691300","200133388000","2199268"
"003650","미창석유","77800","2800","3.73","75600","78300","74700","7719","591794700","135346481600","1739672"
"155900","바다로19호","2595","20","0.78","2575","2605","2575","54751","141823175","39444010380","15200004"
"003610","방림","2330","25","1.08","2305","2335","2270","213475","491687255","98591829700","42314090"
"001340","백광산업","4755","30","0.63","4725","4825","4670","2852997","13523977010","213587025285","44918407"
"035150","백산","10400","350","3.48","10400","11300","10250","3892636","41596630500","251680000000","24200000"
"002410","범양건영","4005","-80","-1.96","4115","4120","3990","386905","1554541865","99452087910","24831982"
"096300","베트남개발1","228","-2","-0.87","231","231","228","310518","71102356","31391088108","137680211"
"007210","벽산","2785","25","0.91","2760","2795","2685","1068464","2918191300","190939600000","68560000"
"002760","보락","2275","40","1.79","2235","2290","2210","606166","1367178495","136272500000","59900000"
"003850","보령제약","21100","150","0.72","21000","21250","20700","276404","5790836500","1099732000000","52120000"
"000890","보해양조","1070","-10","-0.93","1085","1100","1060","4318287","4645269410","136370829110","127449373"
"003000","부광약품","23300","-50","-0.21","23350","23500","23100","311994","7273007450","1510724887400","64837978"
"001270","부국증권","22850","0","0.00","22950","22950","22450","3896","88686000","236951895100","10369886"
"001275","부국증권우","20150","0","0.00","20200","20200","20100","860","17347000","60450000000","3000000"
"026940","부국철강","4050","-80","-1.94","4145","4150","4025","239436","974749770","81000000000","20000000"
"015350","부산가스","57100","-300","-0.52","57300","57700","57000","1524","87138300","628100000000","11000000"
"011390","부산산업","129000","-2000","-1.53","130500","130500","128500","5835","752829000","136224000000","1056000"
"005030","부산주공","679","3","0.44","679","688","675","215226","146311126","38600822043","56849517"
"002070","비비안","3450","-30","-0.86","3525","3525","3435","444153","1533376695","92766342750","26888795"
"100220","비상교육","7020","-10","-0.14","7020","7060","6860","65419","456187480","91237121820","12996741"
"030790","비케이탑스","12300","-250","-1.99","12550","12600","12100","103806","1277216850","161472542700","13127849"
"352820","빅히트","243000","4000","1.67","240000","243500","234000","586848","141972011000","8656573680000","35623760"
"005180","빙그레","59700","100","0.17","59600","59900","59600","21218","1267319300","588119087700","9851241"
"003960","사조대림","17800","-200","-1.11","17850","18050","17800","25120","449519900","163127512600","9164467"
"008040","사조동아원","1320","0","0.00","1320","1345","1300","2408015","3176452240","186310872000","141144600"
"007160","사조산업","50200","500","1.01","50200","50400","48700","43493","2155782600","251000000000","5000000"
"014710","사조씨푸드","5750","-50","-0.86","5790","5820","5690","185622","1066652940","99006622250","17218543"
"006090","사조오양","10700","50","0.47","10650","10800","10600","47787","510434200","100823307300","9422739"
"001470","삼부토건","2865","-185","-6.07","3020","3040","2800","7260067","21061827630","394070344320","137546368"
"006400","삼성SDI","668000","1000","0.15","668000","672000","665000","233457","156092153230","45934706040000","68764530"
"006405","삼성SDI우","457500","500","0.11","459000","461000","455500","7341","3355966500","740187420000","1617896"
"006660","삼성공조","9520","-60","-0.63","9580","9790","9520","34757","334170040","77362509280","8126314"
"028260","삼성물산","124500","0","0.00","126000","126000","124500","278439","34802888500","23267441584500","186887081"
"02826K","삼성물산우B","119500","1000","0.84","118500","119500","117000","7916","936081000","194477287500","1627425"
"207940","삼성바이오로직스","744000","-3000","-0.40","748000","752000","740000","46372","34538453000","49226760000000","66165000"
"032830","삼성생명","77600","100","0.13","77300","78400","77300","219290","17093740100","15520000000000","200000000"
"018260","삼성에스디에스","190500","-500","-0.26","191500","193500","190000","74590","14289400500","14740470900000","77377800"
"028050","삼성엔지니어링","13900","0","0.00","13900","14250","13750","1936985","26990201250","2724400000000","196000000"
"009150","삼성전기","195000","3000","1.56","195500","196500","193000","457138","89061669000","14565270720000","74693696"
"009155","삼성전기우","116500","1000","0.87","117500","118500","115500","23347","2730945000","338663636000","2906984"
"005930","삼성전자","84800","1900","2.29","84000","85200","83900","22997538","1947586897500","506237560240000","5969782550"
"005935","삼성전자우","74500","1000","1.36","74200","74700","74100","1646347","122496110800","61305059150000","822886700"
"001360","삼성제약","5760","-100","-1.71","5920","5920","5740","1180135","6815914890","385040833920","66847367"
"010140","삼성중공업","7380","-140","-1.86","7540","7580","7230","13020542","95883070330","4649400000000","630000000"
"010145","삼성중공우","342500","-9500","-2.70","352000","352000","340000","3581","1230943500","39334412500","114845"
"016360","삼성증권","39350","200","0.51","39350","39650","39050","260624","10241160650","3513955000000","89300000"
"068290","삼성출판사","46950","550","1.19","46500","49100","45750","1085527","51348698100","469500000000","10000000"
"029780","삼성카드","33900","-250","-0.73","33850","34300","33700","68764","2330906100","3927616404900","115858891"
"000810","삼성화재","186500","-2500","-1.32","188000","189000","185500","85537","15980125000","8835407100500","47374837"
"000815","삼성화재우","147500","0","0.00","147000","148000","146500","7478","1101082500","470820000000","3192000"
"006110","삼아알미늄","9430","60","0.64","9400","9480","9300","90228","845745220","103730000000","11000000"
"145990","삼양사","57700","0","0.00","57800","58300","57400","21464","1241053700","595086007300","10313449"
"145995","삼양사우","41600","-200","-0.48","41150","41850","41150","844","34999050","15394912000","370070"
"003230","삼양식품","90600","1000","1.12","89600","91000","89600","29218","2640154400","682491159000","7533015"
"002170","삼양통상","72500","2600","3.72","69900","72700","69800","21589","1549276000","217500000000","3000000"
"272550","삼양패키징","26000","0","0.00","26300","26350","25600","45315","1174129300","369454904000","14209804"
"000070","삼양홀딩스","91900","-600","-0.65","92300","92400","91100","27043","2479683100","787056504900","8564271"
"000075","삼양홀딩스우","60200","-400","-0.66","60100","60200","60000","331","19860900","18304291600","304058"
"002810","삼영무역","15450","100","0.65","15400","15550","15250","26684","411857200","285314346600","18466948"
"005680","삼영전자","11100","100","0.91","11000","11150","10850","110503","1217721300","222000000000","20000000"
"003720","삼영화학","2710","-40","-1.45","2750","2750","2695","92404","250892360","92140000000","34000000"
"023000","삼원강재","3705","130","3.64","3600","3705","3475","318741","1162307395","148200000000","40000000"
"004380","삼익THK","13100","-300","-2.24","13400","13650","13050","79706","1056528350","275100000000","21000000"
"002450","삼익악기","1600","-10","-0.62","1615","1615","1590","340703","544590595","144849464000","90530915"
"004440","삼일씨엔에스","15850","-450","-2.76","16100","16300","15400","280049","4401782300","201801359950","12731947"
"000520","삼일제약","20100","-250","-1.23","20200","20350","19950","43709","878365250","134567409600","6694896"
"009770","삼정펄프","30300","-300","-0.98","30800","30800","30250","4771","145469700","75749121300","2499971"
"005500","삼진제약","25200","0","0.00","25950","25950","25200","69966","1786288600","350280000000","13900000"
"004690","삼천리","78000","-400","-0.51","78600","78800","77700","33611","2622816800","316291950000","4055025"
"010960","삼호개발","5130","-50","-0.97","5170","5190","5050","254073","1298155350","128250000000","25000000"
"004450","삼화왕관","38600","150","0.39","38300","38600","38250","2013","77441850","83159029400","2154379"
"009470","삼화전기","25050","1400","5.92","23800","25250","23750","341943","8479227200","165676191000","6613820"
"011230","삼화전자","3910","40","1.03","3880","3925","3875","20913","81509910","40890545400","10457940"
"001820","삼화콘덴서","69300","100","0.14","69800","71000","68800","170635","11928053000","720373500000","10395000"
"000390","삼화페인트","12200","-200","-1.61","12500","12550","12050","134089","1638340950","329938666600","27044153"
"001290","상상인증권","1225","-20","-1.61","1245","1265","1205","467749","574677190","117732835325","96108437"
"041650","상신브레이크","4225","75","1.81","4140","4390","4140","393869","1684338400","90716876250","21471450"
"075180","새론오토모티브","5970","-30","-0.50","6000","6000","5950","3571","21327410","114624000000","19200000"
"007540","샘표","52400","-800","-1.50","53000","53500","52000","14298","748587900","150691920000","2875800"
"248170","샘표식품","48700","-400","-0.81","49500","49500","48400","9019","439846650","222475528200","4568286"
"007860","서연","22750","-250","-1.09","23550","23650","22300","1958378","44774190500","534166451000","23479844"
"200880","서연이화","10400","150","1.46","10400","10550","10100","1106510","11409460300","281095744800","27028437"
"017390","서울가스","89800","700","0.79","89100","90000","89100","4512","405089900","449000000000","5000000"
"004410","서울식품","384","-1","-0.26","381","393","376","23175050","8948845653","140362315776","365526864"
"004415","서울식품우","5070","10","0.20","5030","5070","5030","16231","81940720","11278215000","2224500"
"021050","서원","2370","-65","-2.67","2435","2450","2350","723999","1730951655","112514778300","47474590"
"008490","서흥","51600","500","0.98","51300","51800","51100","22956","1181478500","596966230800","11569113"
"007610","선도전기","3480","0","0.00","3500","3530","3460","137770","480869500","62640000000","18000000"
"136490","선진","16100","-700","-4.17","16900","16950","16000","277756","4518730200","382851624400","23779604"
"002820","선창산업","4700","80","1.73","4620","4715","4610","22603","105282595","59257548300","12607989"
"014910","성문전자","2100","-50","-2.33","2180","2180","2100","276689","588117040","40922399700","19486857"
"014915","성문전자우","8160","0","0.00","8160","8230","8150","4662","38056190","4896000000","600000"
"003080","성보화학","5900","180","3.15","5790","5990","5610","1350068","7853507420","118118000000","20020000"
"004980","성신양회","10600","200","1.92","10250","10600","10000","1243714","12787609000","259870373800","24516073"
"004985","성신양회우","14700","300","2.08","14450","14700","13850","44881","634916300","10813981500","735645"
"011300","성안","787","0","0.00","0","0","0","0","0","44747135820","56857860"
"000180","성창기업지주","2320","-35","-1.49","2360","2370","2315","285639","666914545","161823712000","69751600"
"002420","세기상사","61600","0","0.00","0","0","0","0","0","25107667200","407592"
"004360","세방","13250","-50","-0.38","13300","13400","13150","90852","1204424550","255840142500","19308690"
"004365","세방우","7060","-40","-0.56","7100","7120","7060","4868","34515340","26046105000","3689250"
"004490","세방전지","80700","-300","-0.37","82000","85200","80300","326078","26993626500","1129800000000","14000000"
"001430","세아베스틸","18300","-650","-3.43","18900","19100","17800","433765","7931730750","656276777700","35862119"
"306200","세아제강","93500","-300","-0.32","94000","94000","91700","9521","880910100","265194050000","2836300"
"003030","세아제강지주","53100","0","0.00","52600","56700","51000","53010","2839444500","219921986700","4141657"
"019440","세아특수강","13600","-50","-0.37","13650","13700","13450","10464","141934450","116552000000","8570000"
"058650","세아홀딩스","80900","-4600","-5.38","84600","85500","80900","3539","289064700","323600000000","4000000"
"013000","세우글로벌","2470","0","0.00","0","0","0","0","0","70901426570","28705031"
"091090","세원셀론텍","1900","10","0.53","1880","1910","1880","476283","902295945","134684173300","70886407"
"021820","세원정공","8090","0","0.00","0","0","0","0","0","80900000000","10000000"
"067830","세이브존I&C","3640","-40","-1.09","3660","3710","3560","137062","496314545","149388857800","41040895"
"033530","세종공업","9140","160","1.78","9070","9330","9000","345302","3171167610","254283583540","27820961"
"075580","세진중공업","6200","-90","-1.43","6330","6330","6100","641224","3963289950","352466627200","56849456"
"027970","세하","1920","5","0.26","1920","1925","1895","609980","1164329300","110520954240","57562997"
"145210","세화아이엠씨","694","-25","-3.48","727","748","690","9567671","6837611565","109379823610","157607815"
"308170","센트랄모텍","29900","700","2.40","29150","30500","29150","193817","5788271050","257439000000","8610000"
"012600","센트럴인사이트","2490","0","0.00","0","0","0","0","0","33838831080","13589892"
"068270","셀트리온","320500","-4000","-1.23","324500","326000","318000","500451","160736794000","43276387785500","135027731"
"336370","솔루스첨단소재","48800","800","1.67","48500","49250","47800","317517","15460509500","1492780190400","30589758"
"33637K","솔루스첨단소재1우","15150","250","1.68","15050","15200","14900","13816","207751200","111600960000","7366400"
"33637L","솔루스첨단소재2우B","25100","350","1.41","24600","25350","24600","2335","58587650","41315855000","1646050"
"248070","솔루엠","25350","0","0.00","25950","26200","25000","1113805","28397153450","1244487751650","49092219"
"004430","송원산업","19050","-150","-0.78","19400","19550","18900","299995","5742524000","457200000000","24000000"
"017550","수산중공업","5200","510","10.87","5320","5600","4985","23710120","125599209530","280722847600","53985163"
"053210","스카이라이프","8680","-30","-0.34","8730","8770","8610","61603","534567570","415094664880","47821966"
"134790","시디즈","63400","1500","2.42","61900","63900","61600","4310","271460900","126800000000","2000000"
"016590","신대양제지","81400","500","0.62","80200","81500","79300","16300","1313480200","328024254800","4029782"
"029530","신도리코","30200","50","0.17","30150","30500","30000","22151","668377750","304416875800","10080029"
"004970","신라교역","10650","-50","-0.47","10700","10850","10550","30174","322873550","170400000000","16000000"
"011930","신성이엔지","3310","-10","-0.30","3370","3385","3295","5053961","16835383785","668887855130","202080923"
"005390","신성통상","1640","-25","-1.50","1675","1680","1635","1816436","2993349160","235681759600","143708390"
"004170","신세계","274000","-5000","-1.79","278000","278500","272000","119686","32852052000","2697579594000","9845181"
"035510","신세계 I&C","157500","-3500","-2.17","162500","164000","156000","13010","2064220000","270900000000","1720000"
"034300","신세계건설","47000","650","1.40","46300","47250","46200","61452","2871458700","188000000000","4000000"
"031430","신세계인터내셔날","197500","-4000","-1.99","201500","202000","196500","56690","11225397500","1410150000000","7140000"
"031440","신세계푸드","73200","-500","-0.68","73700","73700","72600","11929","870548500","283465536000","3872480"
"006880","신송홀딩스","5230","110","2.15","5180","5400","5020","157527","820583820","61864927340","11828858"
"005800","신영와코루","97700","-200","-0.20","97900","98700","96900","457","44469300","87930000000","900000"
"001720","신영증권","56400","-500","-0.88","56900","57000","56200","12695","716608300","529383766800","9386237"
"001725","신영증권우","55600","-300","-0.54","55900","55900","55600","1384","77124100","392189222800","7053763"
"009270","신원","1550","20","1.31","1505","1555","1500","1120181","1719136585","131815873450","85042499"
"009275","신원우","34800","500","1.46","34500","34950","34500","610","21226150","3157752000","90740"
"002700","신일전자","2185","0","0.00","2190","2190","2160","1039871","2260323570","155238833385","71047521"
"019170","신풍제약","81300","-1600","-1.93","83200","83700","80800","878280","72063855300","4307679687000","52984990"
"019175","신풍제약우","80900","-1500","-1.82","82200","83900","80800","11537","940970200","177980000000","2200000"
"002870","신풍제지","3950","0","0.00","3925","4050","3900","858219","3391261585","138086865000","34958700"
"293940","신한알파리츠","7490","-40","-0.53","7520","7520","7440","135701","1013641850","391952621270","52330123"
"055550","신한지주","36350","-450","-1.22","36600","36950","36100","1296321","47322640550","18778393787900","516599554"
"001770","신화실업","24000","200","0.84","24450","24700","23450","33097","795676900","29157072000","1214878"
"004080","신흥","11950","50","0.42","11900","11950","11800","7158","85089400","114720000000","9600000"
"102280","쌍방울","610","-4","-0.65","613","615","610","1463631","895176547","146009372470","239359627"
"003410","쌍용양회","7450","-60","-0.80","7560","7560","7290","2920288","21535630930","3753753982750","503859595"
"003620","쌍용차","2770","0","0.00","0","0","0","0","0","415056805540","149840002"
"004770","써니전자","3670","220","6.38","3520","3690","3500","3565865","12908153410","127881190370","34845011"
"015540","쎌마테라퓨틱스","6410","0","0.00","0","0","0","0","0","86229499400","13452340"
"004920","씨아이테크","1015","40","4.10","975","1065","966","301800","304400113","25446833580","25070772"
"112610","씨에스윈드","72000","-2400","-3.23","75000","75700","71900","571808","41649737300","3036341016000","42171403"
"008700","아남전자","3185","65","2.08","3115","3200","3115","2175534","6877409410","245642551700","77124820"
"002790","아모레G","66100","500","0.76","65400","66200","64900","115972","7621519300","5450485698000","82458180"
"00279K","아모레G3우(전환)","41800","0","0.00","41800","42000","40400","4850","200644300","296453960000","7092200"
"002795","아모레G우","21850","-100","-0.46","22100","22100","21700","24593","537017000","140796374500","6443770"
"090430","아모레퍼시픽","258500","-2500","-0.96","259000","261000","253000","165071","42334937500","15111519665000","58458490"
"090435","아모레퍼시픽우","83900","-200","-0.24","84400","84500","83000","34312","2865448500","885801937000","10557830"
"002030","아세아","114500","-3500","-2.97","117500","117500","112000","16101","1836175000","250872248000","2191024"
"183190","아세아시멘트","111500","-1500","-1.33","112000","112500","106500","54487","5945152000","434382703500","3895809"
"002310","아세아제지","47800","-900","-1.85","49000","49150","47550","68672","3295949700","428120795600","8956502"
"267850","아시아나IDT","21300","-100","-0.47","21800","21800","21200","38373","820102400","236430000000","11100000"
"020560","아시아나항공","15050","0","0.00","15150","15150","15000","382437","5753982900","1119897048200","74411764"
"122900","아이마켓코리아","9190","20","0.22","9170","9210","9130","110147","1010013500","307211039600","33428840"
"010780","아이에스동서","56000","-500","-0.88","56200","56700","55600","53742","3010437100","1729985936000","30892606"
"001780","알루코","5040","95","1.92","5180","5350","4965","10505211","53868739315","419364706320","83207283"
"018250","애경산업","24550","0","0.00","24500","24850","24450","53960","1328521900","648363904250","26409935"
"161000","애경유화","11050","-100","-0.90","11250","11250","10900","325846","3600017500","354042000000","32040000"
"011090","에넥스","2205","65","3.04","2150","2210","2075","2801720","5976808105","132281568405","59991641"
"005850","에스엘","23650","1350","6.05","22600","24350","22500","697236","16526116750","1140007501050","48203277"
"012750","에스원","82100","200","0.24","81900","82600","81900","34163","2809440300","3119732513800","37999178"
"023960","에쓰씨엔지니어링","4390","-50","-1.13","4460","4545","4370","724901","3211556225","126355556930","28782587"
"298690","에어부산","3695","0","0.00","3665","3700","3665","299432","1101518435","303248650000","82070000"
"140910","에이리츠","7910","-130","-1.62","8120","8120","7850","32198","256428350","30000850250","3792775"
"078520","에이블씨엔씨","7550","-30","-0.40","7590","7650","7490","40613","306102680","204102615450","27033459"
"015260","에이엔피","1485","-5","-0.34","1490","1505","1470","76047","112558390","32412217365","21826409"
"007460","에이프로젠 KIC","2040","-10","-0.49","2070","2105","2035","5047148","10428273295","379069827720","185818543"
"003060","에이프로젠제약","1155","-5","-0.43","1160","1170","1145","1243127","1437463515","460355010885","398575767"
"244920","에이플러스에셋","8330","-80","-0.95","8400","8400","7950","518061","4221379500","188322082690","22607693"
"036570","엔씨소프트","885000","10000","1.14","880000","895000","877000","52468","46518925000","19429309470000","21954022"
"138250","엔에스쇼핑","11700","-150","-1.27","11900","12250","11700","103191","1232117900","394243200000","33696000"
"085310","엔케이","1325","-25","-1.85","1345","1355","1315","588279","781941010","105977941400","79983352"
"009810","엔케이물산","680","26","3.98","671","695","658","10057242","6857060616","54018662800","79439210"
"900140","엘브이엠씨홀딩스","3810","-75","-1.93","3885","3945","3505","2155932","8108918415","321368124090","84348589"
"014440","영보화학","4195","80","1.94","4115","4200","4105","100752","419310275","83900000000","20000000"
"111770","영원무역","38650","-800","-2.03","39400","39650","38250","153293","5950735550","1712638238200","44311468"
"009970","영원무역홀딩스","43400","0","0.00","43400","43450","42500","32193","1390571600","591784692800","13635592"
"003520","영진약품","6170","10","0.16","6170","6260","6160","513047","3182448840","1128448150270","182892731"
"000670","영풍","581000","-1000","-0.17","580000","585000","578000","1145","665952000","1070225240000","1842040"
"006740","영풍제지","6950","-30","-0.43","7050","7080","6840","187318","1297291940","154290000000","22200000"
"012280","영화금속","1875","0","0.00","1885","1900","1860","1002995","1881772960","100114696875","53394505"
"012160","영흥","1155","10","0.87","1150","1165","1145","534245","616394960","111330385320","96389944"
"015360","예스코홀딩스","33500","-50","-0.15","33550","33850","33400","7685","257176650","201000000000","6000000"
"007310","오뚜기","571000","1000","0.18","579000","579000","569000","2688","1537606000","2096701151000","3671981"
"002630","오리엔트바이오","1540","-30","-1.91","1570","1595","1525","1645227","2545219765","182597870840","118570046"
"271560","오리온","130000","0","0.00","130000","131500","129000","56333","7333437500","5139697160000","39536132"
"001800","오리온홀딩스","14500","50","0.35","14450","14600","14300","365369","5287666400","908358619000","62645422"
"070960","용평리조트","4920","135","2.82","4845","4925","4800","277262","1357341610","236815998360","48133333"
"316140","우리금융지주","10000","-50","-0.50","10050","10150","10000","1399373","14077745200","7222676830000","722267683"
"033660","우리금융캐피탈","11000","0","0.00","11000","11100","10950","28301","311804200","633004790000","57545890"
"004720","우리들제약","9050","150","1.69","9170","9230","9000","159675","1455152350","133152043650","14712933"
"118000","우리들휴브레인","2260","25","1.12","2310","2310","2225","735973","1659035350","113902718580","50399433"
"010050","우리종금","686","-7","-1.01","702","706","685","6076940","4203276255","599703536516","874203406"
"006980","우성사료","4085","0","0.00","0","0","0","0","0","126226500000","30900000"
"017370","우신시스템","5710","-200","-3.38","5830","5910","5680","119942","688833780","104573248340","18314054"
"105840","우진","4910","90","1.87","4820","4965","4755","482846","2363524955","99192968940","20202234"
"010400","우진아이엔에스","7980","20","0.25","8000","8050","7910","15325","122078000","60823560000","7622000"
"049800","우진플라임","7880","10","0.13","7950","7950","7610","82349","643557510","78800000000","10000000"
"016880","웅진","3075","0","0.00","3150","3165","2945","4617101","14100218785","244088364750","79378330"
"095720","웅진씽크빅","4010","25","0.63","4075","4180","3850","17897046","71222235775","463178999850","115505985"
"005820","원림","24500","1400","6.06","23100","24500","23100","11968","283314000","53900000000","2200000"
"010600","웰바이오텍","2795","-20","-0.71","2810","2840","2775","527386","1473726985","135629169390","48525642"
"008600","윌비스","1655","-10","-0.60","1690","1715","1645","1687631","2811958640","108852514360","65771912"
"033270","유나이티드제약","48800","-500","-1.01","49250","49500","48650","143981","7044680650","792747313600","16244822"
"014830","유니드","67900","200","0.30","68200","68400","66700","18405","1242195200","603620339700","8889843"
"000910","유니온","8690","110","1.28","8620","8800","8510","773931","6724608700","135664969110","15611619"
"047400","유니온머티리얼","4135","5","0.12","4130","4170","4100","997701","4129184540","173670000000","42000000"
"011330","유니켐","1580","0","0.00","1580","1590","1565","362047","569673275","108562341940","68710343"
"077500","유니퀘스트","11600","200","1.75","11500","11950","11450","222428","2601912950","316990010000","27326725"
"002920","유성기업","3295","80","2.49","3230","3325","3190","349525","1146936640","85497012500","25947500"
"000700","유수홀딩스","6650","10","0.15","6650","6820","6610","225348","1512317510","173178049800","26041812"
"003470","유안타증권","3745","30","0.81","3715","3770","3675","1202033","4476804825","747489177120","199596576"
"003475","유안타증권우","3870","-20","-0.51","4050","4190","3830","577855","2300082215","49970260440","12912212"
"011690","유양디앤유","2440","0","0.00","0","0","0","0","0","359254954280","147235637"
"072130","유엔젤","4140","-80","-1.90","4250","4250","4100","103753","431422535","54629179560","13195454"
"000220","유유제약","8300","-400","-4.60","8700","8720","8240","337796","2825865530","66692550100","8035247"
"000225","유유제약1우","8000","-900","-10.11","8800","8890","7930","177465","1455890060","9067720000","1133465"
"000227","유유제약2우B","21100","-1550","-6.84","22650","22650","20300","5465","115061850","3462088000","164080"
"001200","유진투자증권","4010","-55","-1.35","4080","4110","3990","413226","1666711110","388434336180","96866418"
"000100","유한양행","63200","100","0.16","63400","63500","62500","148181","9346605800","4422291008800","69972959"
"000105","유한양행우","60600","100","0.17","60500","60800","59900","1872","112944600","71564964000","1180940"
"003460","유화증권","2615","0","0.00","2620","2620","2555","263980","683275700","148276815225","56702415"
"003465","유화증권우","2645","5","0.19","2635","2660","2620","10987","28829475","46225144125","17476425"
"008730","율촌화학","20300","50","0.25","20350","20400","20200","62277","1264017000","503440000000","24800000"
"008250","이건산업","9380","-170","-1.78","9640","9640","9330","79415","747943430","102735716300","10952635"
"025820","이구산업","2780","0","0.00","2785","2810","2755","296718","824314585","92968760000","33442000"
"214320","이노션","60800","300","0.50","60400","61200","60200","35293","2146720500","1216000000000","20000000"
"088260","이리츠코크렙","5750","0","0.00","5750","5750","5690","58926","337913580","364214142500","63341590"
"139480","이마트","169500","1000","0.59","169500","170000","168500","176086","29795898048","4724951320500","27875819"
"007660","이수페타시스","3345","5","0.15","3340","3375","3325","139288","465287460","138042791310","41268398"
"005950","이수화학","11500","-50","-0.43","11700","11700","11500","161014","1858338900","297905855500","25904857"
"015020","이스타코","1845","275","17.52","1540","2000","1525","16359668","29546763505","79061202000","42851600"
"093230","이아이디","387","-1","-0.26","390","395","382","32195862","12497513697","299283563754","773342542"
"074610","이엔플러스","4510","-80","-1.74","4570","4615","4460","491433","2212994885","206932050380","45882938"
"102460","이연제약","17250","-50","-0.29","17300","17400","17000","28431","489111350","308926713750","17908795"
"084680","이월드","3325","-35","-1.04","3375","3380","3320","368347","1230498445","352915157525","106139897"
"350520","이지스레지던스리츠","4910","0","0.00","4935","4935","4900","60462","296982155","101146000000","20600000"
"334890","이지스밸류리츠","4885","10","0.21","4880","4890","4860","119490","582560115","117240000000","24000000"
"000760","이화산업","21300","-1150","-5.12","22450","22600","20600","29187","619774050","59640000000","2800000"
"014990","인디에프","1310","25","1.95","1305","1340","1280","420413","551406255","77202223450","58932995"
"101140","인바이오젠","3845","-95","-2.41","3900","4105","3730","3126847","12288231550","198253571465","51561397"
"006490","인스코비","2985","0","0.00","2970","3085","2960","1306800","3935827570","306608054010","102716266"
"023800","인지컨트롤스","15150","150","1.00","15050","15600","15050","266446","4074893800","229675939200","15160128"
"034590","인천도시가스","25950","0","0.00","25950","26050","25900","1146","29763500","113524866300","4374754"
"129260","인터지스","4520","200","4.63","4320","4740","4275","5716581","26063556835","134460390480","29747874"
"023810","인팩","7210","210","3.00","7000","7220","7000","47654","339325060","72100000000","10000000"
"249420","일동제약","15850","-50","-0.31","16050","16050","15800","47454","753469350","377282067250","23803285"
"000230","일동홀딩스","14800","400","2.78","14350","14800","14200","36240","529612750","170797920000","11540400"
"013360","일성건설","1400","-25","-1.75","1435","1435","1380","631761","880527660","75634832000","54024880"
"003120","일성신약","81800","-300","-0.37","82200","82300","81700","2507","205578700","217588000000","2660000"
"003200","일신방직","94700","0","0.00","94500","95600","93500","4124","390294400","227280000000","2400000"
"007110","일신석재","1880","0","0.00","1880","1890","1870","485880","912764685","145618426800","77456610"
"007570","일양약품","32950","-350","-1.05","33350","33650","32850","156079","5175133900","628872628800","19085664"
"007575","일양약품우","31300","-50","-0.16","31300","31300","31250","4750","148494900","13931004000","445080"
"008500","일정실업","16200","250","1.57","15950","16300","15950","1089","17575950","19440000000","1200000"
"081000","일진다이아","39900","-350","-0.87","40250","40550","39900","90420","3627252450","566698702500","14202975"
"020760","일진디스플","4470","-110","-2.40","4650","4650","4460","144367","652238465","154073238420","34468286"
"020150","일진머티리얼즈","71900","2700","3.90","69800","72500","69800","443872","31707381700","3315369036500","46110835"
"103590","일진전기","3785","-25","-0.66","3815","3850","3765","127592","485130650","140349276150","37080390"
"015860","일진홀딩스","5100","0","0.00","5100","5190","5070","135569","695222370","251672163300","49347483"
"226320","잇츠한불","27250","0","0.00","27350","27350","26850","43860","1188892550","597573833750","21929315"
"317400","자이에스앤디","10950","0","0.00","10950","11000","10850","109105","1192517250","293268594000","26782520"
"033240","자화전자","17450","500","2.95","17050","17650","17000","175981","3051137750","312355000000","17900000"
"000950","전방","39050","250","0.64","38100","39150","38100","2669","103042300","65604000000","1680000"
"348950","제이알글로벌리츠","5210","-30","-0.57","5260","5260","5200","280756","1463107010","862776000000","165600000"
"194370","제이에스코퍼레이션","18050","-350","-1.90","18800","19150","17300","194619","3525579000","240707598050","13335601"
"025620","제이준코스메틱","1725","55","3.29","1680","1745","1670","609518","1039885035","63668766750","36909430"
"036420","제이콘텐트리","50200","-100","-0.20","51200","51500","49250","103039","5149244050","822530564200","16385071"
"030000","제일기획","21350","350","1.67","21100","21450","21100","292314","6232934350","2456130153750","115041225"
"271980","제일약품","39650","-200","-0.50","40050","40100","39500","42599","1689525450","583048174800","14704872"
"001560","제일연마","7720","-40","-0.52","7760","7760","7610","13796","105888640","77200000000","10000000"
"002620","제일파마홀딩스","18100","100","0.56","18350","18350","17850","7209","129516550","289117725500","15973355"
"006220","제주은행","7500","-140","-1.83","7670","7690","7460","471857","3544740740","240965805000","32128774"
"089590","제주항공","23200","-150","-0.64","23350","23350","22600","144102","3317633900","893191068000","38499615"
"004910","조광페인트","6860","-180","-2.56","7040","7080","6760","90246","619431870","87808000000","12800000"
"004700","조광피혁","54900","-100","-0.18","55500","55800","53100","5723","312754300","365037676200","6649138"
"001550","조비","20900","-50","-0.24","20950","21200","20700","22713","472911400","108517795100","5192239"
"000480","조선내화","81900","-200","-0.24","82200","82700","81700","2709","222218700","327600000000","4000000"
"120030","조선선재","142000","7000","5.19","135500","142000","130000","20439","2787926000","178586442000","1257651"
"018470","조일알미늄","622","7","1.14","622","630","617","970421","604902780","53825699890","86536495"
"002600","조흥","180500","1500","0.84","178000","180500","177000","208","37143500","108300000000","600000"
"185750","종근당","140000","0","0.00","140500","141000","139000","74870","10474048000","1599653860000","11426099"
"063160","종근당바이오","56900","0","0.00","57200","57200","56600","48154","2736376300","312151237800","5485962"
"001630","종근당홀딩스","104000","0","0.00","103500","105500","103000","24912","2591355000","521025544000","5009861"
"044380","주연테크","1110","-15","-1.33","1120","1125","1090","1369808","1509523935","60619418790","54612089"
"013890","지누스","79900","600","0.76","79300","80500","79200","37115","2960036700","1151099245100","14406749"
"013870","지엠비코리아","7450","80","1.09","7310","7500","7310","99366","739120040","142088486000","19072280"
"071320","지역난방공사","38350","-50","-0.13","38500","38600","38200","7270","279062000","444044832400","11578744"
"010580","지코","306","0","0.00","0","0","0","0","0","19761980616","64581636"
"035000","지투알","5900","60","1.03","5820","5900","5820","30440","177942540","97747713100","16567409"
"088790","진도","6630","570","9.41","6060","7200","6010","9708325","65924245480","82528542720","12447744"
"003780","진양산업","8300","550","7.10","7750","8390","7510","3861460","31108814020","107900000000","13000000"
"010640","진양폴리","4125","230","5.91","3895","4250","3800","1698062","6891951180","41250000000","10000000"
"100250","진양홀딩스","2995","95","3.28","2915","2995","2890","532526","1571700215","167406399540","55895292"
"051630","진양화학","6320","80","1.28","6200","6360","6050","1403824","8803814300","75840000000","12000000"
"272450","진에어","19300","-500","-2.53","19850","19850","19100","385763","7488042750","868500000000","45000000"
"011000","진원생명과학","11650","250","2.19","11550","11850","11450","499288","5808825700","521582243200","44771008"
"002780","진흥기업","3395","45","1.34","3360","3405","3310","4296655","14483356935","493876574275","145471745"
"002787","진흥기업2우B","12450","250","2.05","12100","12450","12100","2209","27978600","3670359600","294808"
"002785","진흥기업우B","6900","400","6.15","6410","6900","6410","19944","134273910","5914804200","857218"
"009310","참엔지니어링","1545","-5","-0.32","1550","1550","1530","321530","494242400","85662558990","55445022"
"000650","천일고속","69600","-400","-0.57","70200","70500","67800","4997","343352800","99473712000","1429220"
"033250","체시스","1625","0","0.00","1645","1645","1620","103834","168774175","52000000000","32000000"
"035720","카카오","501000","2000","0.40","508000","508000","499000","298641","149857453000","44462102712000","88746712"
"006380","카프로","3875","-45","-1.15","3920","3935","3860","104143","405139590","155000000000","40000000"
"109070","컨버즈","4100","0","0.00","0","0","0","0","0","57648054100","14060501"
"001620","케이비아이동국실업","912","2","0.22","906","935","892","541314","493513063","60230369664","66042072"
"029460","케이씨","27600","0","0.00","27850","28150","27500","135479","3759120700","374091614400","13554044"
"344820","케이씨씨글라스","48050","-1150","-2.34","48000","48900","46550","335025","15990756000","767383101600","15970512"
"281820","케이씨텍","28800","1200","4.35","28200","29850","28150","675287","19651731100","600812812800","20861556"
"145270","케이탑리츠","1670","95","6.03","1745","1745","1620","3442424","5760942415","77194292090","46224127"
"357120","코람코에너지리츠","5230","80","1.55","5160","5230","5120","200198","1037664090","364112600000","69620000"
"007815","코리아써우","5940","-60","-1.00","6050","6050","5820","5898","34674920","17610258600","2964690"
"007810","코리아써키트","12700","150","1.20","12700","12750","12600","110887","1404001250","299983537700","23620751"
"00781K","코리아써키트2우B","6440","60","0.94","6450","6450","6390","756","4875170","5047021560","783699"
"003690","코리안리","8460","-40","-0.47","8520","8530","8410","123694","1046831540","1018322721360","120369116"
"192820","코스맥스","120000","-1000","-0.83","121000","121500","117500","107534","12777063000","1205941080000","10049509"
"044820","코스맥스비티아이","16000","-350","-2.14","16600","16600","15900","29875","483904550","153662736000","9603921"
"005070","코스모신소재","19250","-250","-1.28","19550","19750","19150","399497","7724504400","563023326250","29247965"
"005420","코스모화학","10900","-100","-0.91","11200","11450","10900","587398","6558615900","296146830600","27169434"
"071950","코아스","1170","5","0.43","1165","1170","1160","181068","210724925","36161435700","30907210"
"002020","코오롱","27150","1350","5.23","26450","27750","26150","776511","20880368550","342807465900","12626426"
"003070","코오롱글로벌","21400","-200","-0.93","21900","21900","20850","153577","3269642800","539503373200","25210438"
"003075","코오롱글로벌우","26250","-100","-0.38","26500","26500","26050","1358","35539800","8211078750","312803"
"144620","코오롱머티리얼","3230","90","2.87","3175","3290","3150","236403","758478030","221767391050","68658635"
"002025","코오롱우","15300","-100","-0.65","15750","16750","15050","191322","3003920900","16468767000","1076390"
"120110","코오롱인더","59500","-1000","-1.65","60800","61400","59000","398161","23849122200","1605240980000","26978840"
"120115","코오롱인더우","26750","-200","-0.74","26950","27150","26550","9743","261160300","74040255000","2767860"
"138490","코오롱플라스틱","6260","-130","-2.03","6430","6430","6250","118104","743258300","237880000000","38000000"
"021240","코웨이","66400","-100","-0.15","66000","66700","66000","155458","10299585700","4900294701600","73799619"
"031820","콤텍시스템","1530","10","0.66","1535","1540","1510","1173823","1788284085","103812742980","67851466"
"192400","쿠쿠홀딩스","125500","4000","3.29","121500","125500","120500","4631","573586500","892610843500","7112437"
"284740","쿠쿠홈시스","42000","-100","-0.24","41600","42300","41350","43433","1814471050","942367860000","22437330"
"015590","큐로","650","10","1.56","642","651","635","3581082","2305943134","147687564700","227211638"
"264900","크라운제과","10500","300","2.94","10300","10500","10150","38144","394906550","131500425000","12523850"
"26490K","크라운제과우","10600","200","1.92","10400","10700","10400","12376","130758850","8199736000","773560"
"005740","크라운해태홀딩스","9830","-40","-0.41","9850","9940","9790","33875","333720390","145949421010","14847347"
"005745","크라운해태홀딩스우","14900","500","3.47","14650","15500","14400","40815","610361300","8950817400","600726"
"020120","키다리스튜디오","13800","-650","-4.50","14400","14650","13800","482333","6801123350","449712081600","32587832"
"039490","키움증권","135000","2500","1.89","133500","136500","133000","186100","25127984500","3514237515000","26031389"
"012170","키위미디어그룹","1105","0","0.00","0","0","0","0","0","68534900070","62022534"
"014580","태경비케이","4570","5","0.11","4580","4610","4535","219007","998805045","126054767000","27583100"
"015890","태경산업","7520","-180","-2.34","7600","7930","7390","1765696","13458721790","219800200000","29228750"
"006890","태경케미컬","13350","-150","-1.11","13600","13750","13250","90437","1211465800","154860000000","11600000"
"003240","태광산업","954000","30000","3.25","930000","956000","930000","1470","1394109000","1062183600000","1113400"
"011280","태림포장","5130","20","0.39","5100","5140","5070","206392","1053466260","363234472200","70805940"
"004100","태양금속","1815","105","6.14","1685","1845","1660","3849994","6785557865","66610500000","36700000"
"004105","태양금속우","3030","40","1.34","3030","3030","3010","13490","40771560","9999000000","3300000"
"009410","태영건설","12000","0","0.00","12000","12000","11800","165787","1973914650","466789176000","38899098"
"009415","태영건설우","11950","-100","-0.83","11950","12100","11850","4403","52603100","15560596900","1302142"
"001420","태원물산","4425","-15","-0.34","4445","4495","4375","159803","705797390","33630000000","7600000"
"007980","태평양물산","1930","5","0.26","1930","1945","1920","205397","396619490","92928702910","48149587"
"055490","테이팩스","53000","1700","3.31","51500","54000","50500","94471","4919712400","250035450000","4717650"
"078000","텔코웨어","11650","50","0.43","11600","11650","11500","13507","156246150","113036524900","9702706"
"214420","토니모리","7800","-120","-1.52","7900","7900","7730","69536","541179980","137592000000","17640000"
"019180","티에이치엔","3310","110","3.44","3205","3345","3100","282789","922487150","59580000000","18000000"
"363280","티와이홀딩스","25450","-250","-0.97","25600","25800","24950","259297","6561255650","1022367601750","40171615"
"36328K","티와이홀딩스우","22350","450","2.05","22000","22600","21800","16546","366229000","28056804300","1255338"
"091810","티웨이항공","2760","-30","-1.08","2800","2800","2760","448994","1242631805","304511570040","110330279"
"004870","티웨이홀딩스","1370","0","0.00","1355","1370","1350","225432","306636035","105063897120","76688976"
"005690","파미셀","14700","-200","-1.34","14950","14950","14600","466936","6872046300","881396565000","59958950"
"036580","팜스코","6990","-100","-1.41","7090","7100","6900","156802","1094636950","256728321570","36727943"
"028670","팬오션","6090","100","1.67","6120","6130","5970","5149216","31105111800","3255528328080","534569512"
"010820","퍼스텍","2515","30","1.21","2515","2525","2440","721574","1789863315","120874571900","48061460"
"016800","퍼시스","29600","0","0.00","29800","29800","29450","285","8455300","340400000000","11500000"
"001020","페이퍼코리아","2255","5","0.22","2255","2285","2230","54915","123616750","84568651640","37502728"
"090080","평화산업","1105","0","0.00","1110","1110","1095","51733","56999720","60666996195","54902259"
"010770","평화홀딩스","3710","25","0.68","3685","3745","3685","17211","64000600","54260478860","14625466"
"058430","포스코강판","28450","100","0.35","28500","28850","28200","104795","2987343350","170700000000","6000000"
"047050","포스코인터내셔널","20000","-350","-1.72","20300","20300","19900","634073","12672749700","2467502980000","123375149"
"003670","포스코케미칼","158500","3000","1.93","158500","163000","157500","478987","76651567000","12277920370000","77463220"
"007630","폴루스바이오팜","1225","0","0.00","0","0","0","0","0","55134426375","45007695"
"017810","풀무원","17500","200","1.16","17850","17850","17450","179221","3164069900","667109432500","38120539"
"103140","풍산","32900","-300","-0.90","33350","33450","32800","210768","6964722950","921998746200","28024278"
"005810","풍산홀딩스","23350","50","0.21","23450","23450","23250","24627","574590400","243062478800","10409528"
"950210","프레스티지바이오파마","28250","50","0.18","28300","28700","28200","249688","7093015250","1697716378750","60096155"
"033180","필룩스","3385","-80","-2.31","3475","3480","3385","3721774","12678606970","438474079400","129534440"
"086790","하나금융지주","41150","-200","-0.48","41350","41550","40700","927581","38037875750","12354960851300","300242062"
"293480","하나제약","24750","50","0.20","24700","24900","24650","38910","964668000","400950000000","16200000"
"039130","하나투어","66100","-1200","-1.78","67200","67200","66000","143458","9498342100","921380128500","13939185"
"172580","하이골드12호","2125","-15","-0.70","2125","2145","2115","9970","21170565","27719562500","13044500"
"153360","하이골드3호","1400","25","1.82","1390","1410","1390","99798","139866320","22609706000","16149790"
"071090","하이스틸","28650","0","0.00","0","0","0","0","0","57298395600","1999944"
"019490","하이트론","9710","-290","-2.90","10100","10200","9500","161006","1576664730","65200358440","6714764"
"000080","하이트진로","36500","250","0.69","36250","36650","35850","456100","16533120650","2559876801500","70133611"
"000087","하이트진로2우B","20350","200","0.99","20150","20350","20050","5656","114055850","22998308300","1130138"
"000140","하이트진로홀딩스","16450","-250","-1.50","16950","16950","16350","22994","379691400","381751284250","23206765"
"000145","하이트진로홀딩스우","15000","-50","-0.33","15050","15250","14950","1198","18068000","7062150000","470810"
"152550","한국ANKOR유전","1680","0","0.00","1675","1680","1670","13443","22467040","117633600000","70020000"
"036460","한국가스공사","32850","-550","-1.65","33250","33300","32800","257120","8492774400","3032482050000","92313000"
"005430","한국공항","40300","-500","-1.23","40800","40800","40000","18874","757671200","127604106500","3166355"
"071050","한국금융지주","89900","4300","5.02","86200","90000","85800","668505","59170881200","5009766680800","55725992"
"071055","한국금융지주우","65300","1800","2.83","63500","65900","63500","36107","2345479500","382543790300","5858251"
"010040","한국내화","3975","-65","-1.61","4040","4055","3950","103711","412420220","90882937200","22863632"
"025540","한국단자","80000","3100","4.03","77500","83000","77500","297274","24068709100","833200000000","10415000"
"004090","한국석유","304000","34000","12.59","274000","320000","267500","117119","34691984000","199180800000","655200"
"002200","한국수출포장","24400","-50","-0.20","24450","24450","24150","6921","168059900","97600000000","4000000"
"002960","한국쉘석유","256500","2000","0.79","254500","258000","252000","3753","956039500","333450000000","1300000"
"000240","한국앤컴퍼니","18000","-200","-1.10","18100","18500","17900","242264","4387804450","1674363114000","93020173"
"123890","한국자산신탁","4760","-150","-3.05","4925","4995","4685","1403737","6692005390","590134099520","123977752"
"015760","한국전력","23450","-50","-0.21","23450","23600","23300","1867234","43808703600","15054057605650","641964077"
"006200","한국전자홀딩스","1555","-15","-0.96","1565","1575","1525","3057302","4719507695","72778876480","46803136"
"009540","한국조선해양","131500","3000","2.33","130000","131500","126500","504149","64825184000","9306664754000","70773116"
"023350","한국종합기술","7430","350","4.94","7140","7460","7110","266661","1941398380","81358500000","10950000"
"025890","한국주강","1865","5","0.27","1860","1880","1845","52129","97234305","21091768035","11309259"
"000970","한국주철관","9070","-30","-0.33","9070","9120","8990","111418","1007024540","206800535000","22800500"
"104700","한국철강","10850","150","1.40","10750","10950","10600","151788","1627360250","499642500000","46050000"
"017960","한국카본","12200","100","0.83","12250","12250","12000","519264","6274002350","536321235400","43960757"
"161890","한국콜마","56400","-700","-1.23","57200","57300","56000","196655","11083591800","1290498552000","22881180"
"024720","한국콜마홀딩스","28200","-400","-1.40","28600","28750","28150","44645","1264130200","523863475800","18576719"
"161390","한국타이어앤테크놀로지","47050","-950","-1.98","48000","48450","46600","208192","9848862400","5828321996450","123875069"
"034830","한국토지신탁","2425","0","0.00","2425","2435","2295","4616020","10918992280","612286382750","252489230"
"007280","한국특수형강","1975","-25","-1.25","1965","2010","1960","606840","1202767180","105153890100","53242476"
"168490","한국패러랠","1940","0","0.00","1940","1945","1940","26958","52298575","155238800000","80020000"
"010100","한국프랜지","3090","30","0.98","3070","3180","3020","1071009","3344318870","94091797800","30450420"
"047810","한국항공우주","36350","150","0.41","36300","36750","36150","400765","14568731300","3543220139450","97475107"
"123690","한국화장품","12050","200","1.69","11900","12150","11800","117664","1402150900","193619400000","16068000"
"003350","한국화장품제조","35250","150","0.43","35300","35300","34850","15745","551825800","159753000000","4532000"
"011500","한농화성","15850","-250","-1.55","16250","16350","15750","285490","4555510100","247847115700","15637042"
"002390","한독","27850","-150","-0.54","28200","28350","27650","48289","1348686300","383314394050","13763533"
"014790","한라","5070","-110","-2.12","5160","5170","5020","266583","1354122390","197095955940","38874942"
"060980","한라홀딩스","40650","50","0.12","40950","41350","40600","52912","2167514450","425689645500","10472070"
"053690","한미글로벌","10850","-50","-0.46","10950","10950","10750","81225","880942900","118889417500","10957550"
"042700","한미반도체","26500","450","1.73","26500","27550","26350","1598368","42966151650","1310686740500","49459877"
"008930","한미사이언스","57500","-700","-1.20","58100","58500","57500","71837","4148673400","3870015132500","67304611"
"128940","한미약품","317000","-3000","-0.94","319500","319500","315500","22372","7089986000","3828815394000","12078282"
"009240","한샘","118500","2000","1.72","116500","118500","113000","79065","9186952000","2788770468000","23533928"
"020000","한섬","40250","300","0.75","39850","40300","39350","86627","3463317800","991357500000","24630000"
"003680","한성기업","7890","-100","-1.25","7990","8020","7870","37529","296604790","48993073350","6209515"
"105630","한세실업","19550","-450","-2.25","20100","20100","19400","287923","5638102200","782000000000","40000000"
"069640","한세엠케이","3950","5","0.13","4045","4050","3850","64796","253426015","50991821900","12909322"
"016450","한세예스24홀딩스","8970","110","1.24","8860","9490","8730","1329197","12029866360","358800000000","40000000"
"010420","한솔PNS","2050","50","2.50","2000","2070","2000","610172","1245569135","42010674600","20493012"
"009180","한솔로지스틱스","3240","-65","-1.97","3325","3335","3230","890226","2910734370","89026857000","27477425"
"213500","한솔제지","14050","-300","-2.09","14400","14400","13950","209710","2961043650","334398092800","23800576"
"014680","한솔케미칼","261000","1500","0.58","260000","262000","255000","47120","12180854000","2958485895000","11335195"
"004710","한솔테크닉스","10650","150","1.43","10600","10900","10500","736426","7895681850","341970200700","32109878"
"004150","한솔홀딩스","3835","-25","-0.65","3880","3880","3775","273155","1042405665","161102892795","42008577"
"025750","한솔홈데코","2035","15","0.74","2030","2050","2010","1037537","2101176720","163950078215","80565149"
"004960","한신공영","19900","-100","-0.50","20200","20200","19700","73674","1460990850","230256969800","11570702"
"011700","한신기계","2285","-15","-0.65","2330","2560","2265","11767923","28292766035","74139455035","32446151"
"001750","한양증권","11600","0","0.00","11550","11650","11450","77738","898344850","147650994400","12728534"
"001755","한양증권우","17500","50","0.29","17450","17550","17300","3422","59662800","9187500000","525000"
"018880","한온시스템","18200","0","0.00","18200","18650","18100","1120810","20521576350","9715160000000","533800000"
"009420","한올바이오파마","23650","100","0.42","23550","23800","23250","221009","5200649000","1235491088700","52240638"
"014130","한익스프레스","6090","-50","-0.81","6160","6160","6050","100113","610307450","73080000000","12000000"
"300720","한일시멘트","159500","-2500","-1.54","162000","164000","154000","31239","4912496000","1104721563000","6926154"
"002220","한일철강","2480","25","1.02","2500","2590","2420","285720","713798640","65465403200","26397340"
"006390","한일현대시멘트","44100","750","1.73","43550","44350","42000","130624","5633404050","741818889000","16821290"
"003300","한일홀딩스","12600","-250","-1.95","12850","12900","12500","53352","673939950","363078828000","28815780"
"051600","한전KPS","33100","850","2.64","32350","33250","31900","953936","31324865200","1489500000000","45000000"
"052690","한전기술","25900","2900","12.61","23050","27600","22850","1933704","49680806250","989898000000","38220000"
"130660","한전산업","4760","45","0.95","4715","5050","4685","698032","3356896625","155176000000","32600000"
"002320","한진","42700","-200","-0.47","42900","42900","42400","63345","2696024550","638263715600","14947628"
"097230","한진중공업","7340","20","0.27","7330","7400","7290","105575","774513170","611233222540","83274281"
"003480","한진중공업홀딩스","4130","155","3.90","3975","4155","3975","142350","582274520","121958123560","29529812"
"180640","한진칼","57400","0","0.00","57400","57900","57200","52692","3031086100","3803476339600","66262654"
"18064K","한진칼우","39050","-200","-0.51","39300","39450","38900","2917","113831200","20960712300","536766"
"005110","한창","1210","-5","-0.41","1215","1220","1205","560546","679666935","80816225490","66790269"
"009460","한창제지","2315","30","1.31","2285","2320","2275","588693","1350741990","138130230090","59667486"
"000880","한화","30750","-900","-2.84","31800","31850","30650","336812","10471872350","2304981101250","74958735"
"00088K","한화3우B","14250","-200","-1.38","14450","14500","14250","40644","583165000","320226000000","22472000"
"088350","한화생명","3060","-80","-2.55","3140","3145","3040","5204613","16026695060","2657701800000","868530000"
"000370","한화손해보험","4730","-190","-3.86","4915","4915","4690","1644596","7851481510","552175067950","116738915"
"009830","한화솔루션","48750","-1150","-2.30","50300","50700","48000","2907901","141635308100","9324826728750","191278497"
"009835","한화솔루션우","58100","-800","-1.36","59100","59100","57400","10911","631410600","65289119700","1123737"
"272210","한화시스템","21200","-900","-4.07","21900","22050","20950","2709339","57909190500","2336884246800","110230389"
"012450","한화에어로스페이스","39900","-350","-0.87","40400","40600","39850","293435","11758140900","2020137000000","50630000"
"000885","한화우","40800","-450","-1.09","41950","41950","40800","1470","60419150","19555195200","479294"
"003530","한화투자증권","4510","-10","-0.22","4530","4575","4405","7462439","33653252385","967610465250","214547775"
"003535","한화투자증권우","10500","650","6.60","10800","12200","10250","6871278","77497319550","50400000000","4800000"
"195870","해성디에스","34300","900","2.69","33800","35350","33650","633393","21952076950","583100000000","17000000"
"101530","해태제과식품","8420","80","0.96","8390","8480","8340","35976","302395530","245163641240","29116822"
"143210","핸즈코퍼레이션","6770","30","0.45","6820","6820","6690","39868","268763150","148014324360","21863268"
"000720","현대건설","43550","0","0.00","43600","43800","42900","614407","26536291400","4849543565750","111355765"
"267270","현대건설기계","51500","-600","-1.15","52400","52500","50100","367539","18696060300","1014590839500","19700793"
"000725","현대건설우","172000","2500","1.47","170000","172000","167500","760","127958500","17003232000","98856"
"005440","현대그린푸드","10100","-250","-2.42","10400","10400","10050","708521","7209420500","986815268200","97704482"
"086280","현대글로비스","188500","1500","0.80","188500","193000","188000","344116","65346440000","7068750000000","37500000"
"064350","현대로템","20050","150","0.75","20000","20250","19900","803521","16105623950","2188302974650","109142293"
"079430","현대리바트","17900","-200","-1.10","18000","18150","17600","232650","4126139000","367581547800","20535282"
"012330","현대모비스","306000","11500","3.90","297500","311500","297000","803465","245679739500","29006686764000","94793094"
"010620","현대미포조선","66500","2300","3.58","65000","67000","63400","342928","22233387100","2656152908500","39942149"
"069960","현대백화점","87800","-600","-0.68","88400","88500","87600","133084","11690234500","2054734319800","23402441"
"004560","현대비앤지스틸","15100","-550","-3.51","15700","15800","14850","643008","9718852350","227690046100","15078811"
"004565","현대비앤지스틸우","77500","-2200","-2.76","79800","79800","77000","4830","375539000","8513530000","109852"
"011760","현대상사","19200","-100","-0.52","19400","19450","19100","100247","1923609550","253996147200","13228966"
"004310","현대약품","7500","-60","-0.79","7560","7560","7450","394056","2956023960","240000000000","32000000"
"322000","현대에너지솔루션","35150","-700","-1.95","35900","36100","35150","61147","2161535600","393680000000","11200000"
"017800","현대엘리베이","44900","-200","-0.44","45150","45300","44600","199478","8942624050","1832602075900","40815191"
"307950","현대오토에버","125500","9500","8.19","118500","132500","117000","429644","54004664500","2635500000000","21000000"
"011210","현대위아","82600","5000","6.44","78600","83300","78400","849489","69649328100","2246313855800","27195083"
"267260","현대일렉트릭","20500","-750","-3.53","21400","21400","20400","581550","12031118100","738966267500","36047135"
"004020","현대제철","46950","600","1.29","46750","47400","45650","1236623","57374740300","6265279605750","133445785"
"267250","현대중공업지주","282000","-1000","-0.35","285000","286000","279000","48644","13673717500","4455209994000","15798617"
"005380","현대차","233500","14500","6.62","225500","238500","225000","3648528","850018811500","49891521664500","213668187"
"005387","현대차2우B","105500","7000","7.11","100500","106500","100000","212281","22074481500","3849215080500","36485451"
"005389","현대차3우B","100000","4500","4.71","97000","101500","96900","56351","5613241800","242873500000","2428735"
"005385","현대차우","107500","6000","5.91","103500","107500","103500","151389","16070995500","2618343637500","24356685"
"001500","현대차증권","12950","-50","-0.38","13000","13250","12850","77435","1006542650","389110074500","30047110"
"227840","현대코퍼레이션홀딩스","14400","-100","-0.69","14500","14550","14300","96628","1391100200","131052038400","9100836"
"126560","현대퓨처넷","4790","-5","-0.10","4835","4840","4710","954804","4557155690","540678894840","112876596"
"001450","현대해상","23600","-400","-1.67","23950","24000","23450","407706","9620921500","2109840000000","89400000"
"057050","현대홈쇼핑","80200","-1100","-1.35","81000","81400","79500","20567","1654944500","962400000000","12000000"
"093240","형지엘리트","4490","135","3.10","4450","4750","4355","6454330","29567003010","139885043020","31154798"
"003010","혜인","7640","150","2.00","7550","8090","7420","3372885","25978604980","97125387080","12712747"
"111110","호전실업","10000","-150","-1.48","10150","10150","9980","56956","571185250","80000000000","8000000"
"008770","호텔신라","85900","0","0.00","86400","86400","85400","434234","37260661800","3371413593900","39248121"
"008775","호텔신라우","83800","300","0.36","83600","84100","83500","4154","347307200","63007460200","751879"
"002460","화성산업","12100","-100","-0.82","12200","12250","12050","40567","492783050","150654680000","12450800"
"378850","화승알앤에이","5480","-10","-0.18","5500","5620","5460","140054","772528320","104085054040","18993623"
"241590","화승엔터프라이즈","19050","1100","6.13","18350","19200","18200","543931","10195078100","1153390536750","60545435"
"006060","화승인더","7850","170","2.21","7720","7890","7700","510443","3982897090","434262000000","55320000"
"013520","화승코퍼레이션","1760","-5","-0.28","1765","1805","1755","297402","526505580","88090203520","50051252"
"010690","화신","5200","345","7.11","4915","5400","4880","2429713","12718262075","181586132000","34920410"
"133820","화인베스틸","2635","20","0.76","2615","2635","2580","199982","521092210","77864250000","29550000"
"010660","화천기계","2545","-5","-0.20","2575","2575","2530","143206","364528585","55990000000","22000000"
"000850","화천기공","34550","50","0.14","34600","34850","34350","6160","213004500","76010000000","2200000"
"016580","환인제약","18050","-50","-0.28","18250","18250","18000","53322","963831900","335731263500","18600070"
"032560","황금에스티","8450","-40","-0.47","8500","8500","8340","109523","919996720","118300000000","14000000"
"004800","효성","86600","-900","-1.03","88000","88500","86200","79581","6924076500","1824750765000","21071025"
"094280","효성ITX","19800","-100","-0.50","19900","20100","19650","25058","498086000","228852360000","11558200"
"298040","효성중공업","75100","-700","-0.92","76300","76900","74500","81320","6122633400","700273554800","9324548"
"298050","효성첨단소재","384500","13000","3.50","388000","395000","378000","140951","54501972000","1722540006000","4479948"
"298020","효성티앤씨","545000","-13000","-2.33","567000","569000","540000","87050","47767677000","2358586690000","4327682"
"298000","효성화학","297000","-1000","-0.34","302000","305000","290500","80744","23844697000","947467422000","3190126"
"093370","후성","10450","-100","-0.95","10600","10600","10400","493698","5166581700","967741258550","92606819"
"081660","휠라홀딩스","42150","0","0.00","42150","42650","42050","223385","9447384550","2560706157300","60752222"
"005870","휴니드","8880","270","3.14","8700","9940","8660","10266592","96436257570","125350213200","14116015"
"079980","휴비스","8740","-10","-0.11","8790","8840","8710","216754","1899319480","301530000000","34500000"
"005010","휴스틸","10350","-350","-3.27","10750","10800","10300","132767","1394619500","78884263800","7621668"
"069260","휴켐스","22050","-150","-0.68","22250","22300","21900","323478","7122048700","901372865400","40878588"
"000540","흥국화재","3955","-90","-2.22","4030","4030","3940","107645","427003345","254079660975","64242645"
"000547","흥국화재2우B","20450","0","0.00","20550","20550","20400","629","12868050","3141120000","153600"
"000545","흥국화재우","8580","80","0.94","8350","8600","8300","15096","127784590","6589440000","768000"
"003280","흥아해운","258","0","0.00","0","0","0","0","0","30117000222","116732559"